Date,Close
2004-01-30,50.65
2004-02-02,50.68
2004-02-03,50.68
2004-02-04,51.38
2004-02-05,51.49
2004-02-06,51.92
2004-02-09,52.07
2004-02-10,52.2
2004-02-11,52.06
2004-02-12,52.27
2004-02-13,52.09
2004-02-17,52.47
2004-02-18,52.43
2004-02-19,52.78
2004-02-20,52.95
2004-02-23,53.27
2004-02-24,52.75
2004-02-25,53.09
2004-02-26,53.24
2004-02-27,53.55
2004-03-01,53.98
2004-03-02,53.55
2004-03-03,53.67
2004-03-04,53.6
2004-03-05,53.68
2004-03-08,53.69
2004-03-09,53.68
2004-03-10,53.57
2004-03-11,52.62
2004-03-12,52.54
2004-03-15,52
2004-03-16,51.95
2004-03-17,52.71
2004-03-18,52.63
2004-03-19,52.5
2004-03-22,51.92
2004-03-23,51.9
2004-03-24,51.58
2004-03-25,52.45
2004-03-26,52.22
2004-03-29,52.73
2004-03-30,53.02
2004-03-31,53.22
2004-04-01,53.16
2004-04-02,53.15
2004-04-05,53.43
2004-04-06,53.59
2004-04-07,53.49
2004-04-08,53.26
2004-04-12,53.44
2004-04-13,53
2004-04-14,52.92
2004-04-15,53.45
2004-04-16,53.77
2004-04-19,53.93
2004-04-20,54.11
2004-04-21,53.7
2004-04-22,54.16
2004-04-23,54.25
2004-04-26,54.28
2004-04-27,54.33
2004-04-28,53.78
2004-04-29,53.87
2004-04-30,54.13
2004-05-03,54.3
2004-05-04,54.1
2004-05-05,54.31
2004-05-06,53.99
2004-05-07,53.68
2004-05-10,53.16
2004-05-11,53.02
2004-05-12,52.78
2004-05-13,52.55
2004-05-14,52.82
2004-05-17,52.53
2004-05-18,52.75
2004-05-19,52.6
2004-05-20,52.58
2004-05-21,52.57
2004-05-24,52.15
2004-05-25,52.52
2004-05-26,53.13
2004-05-27,53.61
2004-05-28,53.55
2004-06-01,53.38
2004-06-02,53.93
2004-06-03,53.85
2004-06-04,53.92
2004-06-07,54.35
2004-06-08,54.56
2004-06-09,54.39
2004-06-10,54.34
2004-06-14,54.12
2004-06-15,54.34
2004-06-16,54.44
2004-06-17,54.29
2004-06-18,54.04
2004-06-21,54.38
2004-06-22,54.41
2004-06-24,54.24
2004-06-25,54.14
2004-06-28,53.95
2004-06-29,53.99
2004-06-30,54.16
2004-07-01,53.87
2004-07-02,53.7
2004-07-06,53.67
2004-07-07,53.74
2004-07-08,53.67
2004-07-09,53.81
2004-07-12,53.56
2004-07-13,53.89
2004-07-14,53.82
2004-07-15,53.68
2004-07-16,53.56
2004-07-19,53.44
2004-07-20,53.44
2004-07-21,52.92
2004-07-22,52.23
2004-07-23,51.72
2004-07-26,51.55
2004-07-27,51.89
2004-07-28,51.77
2004-07-29,51.33
2004-07-30,51.21
2004-08-02,51.89
2004-08-03,51.83
2004-08-04,51.59
2004-08-05,51.3
2004-08-06,50.6
2004-08-09,50.69
2004-08-10,50.9
2004-08-11,51.41
2004-08-12,51.41
2004-08-13,51.33
2004-08-16,51.64
2004-08-17,51.8
2004-08-18,52.09
2004-08-19,51.95
2004-08-20,52.05
2004-08-23,52.18
2004-08-24,52.14
2004-08-25,52.36
2004-08-26,52.48
2004-08-30,52.14
2004-08-31,52.2
2004-09-01,52.33
2004-09-02,52.79
2004-09-03,53.21
2004-09-07,53.1
2004-09-08,52.65
2004-09-09,52.37
2004-09-10,52.33
2004-09-13,52.47
2004-09-14,52.56
2004-09-15,52.14
2004-09-16,51.79
2004-09-17,52.05
2004-09-20,51.16
2004-09-21,50.88
2004-09-22,50.54
2004-09-23,50.59
2004-09-24,50.59
2004-09-28,50.52
2004-09-29,50.4
2004-09-30,50.94
2004-10-01,51.46
2004-10-04,51.56
2004-10-05,51.3
2004-10-06,51.42
2004-10-07,51.36
2004-10-08,50.7
2004-10-11,50.76
2004-10-12,50.73
2004-10-13,50.48
2004-10-14,50.37
2004-10-15,50.8
2004-10-18,50.8
2004-10-19,50.85
2004-10-20,50.55
2004-10-21,50.6
2004-10-22,50.6
2004-10-25,50.11
2004-10-26,50.33
2004-10-27,51.06
2004-10-28,51.43
2004-10-29,51.35
2004-11-01,51.17
2004-11-02,51.79
2004-11-03,52.03
2004-11-04,53.5
2004-11-05,53.66
2004-11-08,53.66
2004-11-09,53.66
2004-11-10,53.72
2004-11-11,54.15
2004-11-12,54.41
2004-11-15,54.36
2004-11-16,54.11
2004-11-17,54.28
2004-11-18,54.33
2004-11-19,53.76
2004-11-22,54.01
2004-11-23,53.83
2004-11-24,53.98
2004-11-26,54.09
2004-11-29,53.72
2004-11-30,53.41
2004-12-01,53.77
2004-12-02,54.38
2004-12-03,54.42
2004-12-06,54.06
2004-12-07,53.96
2004-12-08,53.95
2004-12-09,54.56
2004-12-10,54.72
2004-12-13,54.79
2004-12-14,55.32
2004-12-15,55.33
2004-12-16,55.19
2004-12-17,54.92
2004-12-20,54.73
2004-12-21,55.26
2004-12-23,54.33
2004-12-27,54.33
2004-12-28,54.52
2004-12-29,54.5
2004-12-30,54.72
2004-12-31,54.57
2005-01-03,54.19
2005-01-04,53.9
2005-01-05,53.9
2005-01-06,53.98
2005-01-07,54.36
2005-01-10,54.72
2005-01-11,54.53
2005-01-12,54.57
2005-01-13,54.49
2005-01-14,54.71
2005-01-18,55.29
2005-01-19,55.35
2005-01-20,54.99
2005-01-21,54.71
2005-01-24,54.47
2005-01-25,54.63
2005-01-26,54.68
2005-01-27,54.97
2005-01-28,55.1
2005-01-31,55.2
2005-02-01,55.33
2005-02-02,55.76
2005-02-03,55.65
2005-02-04,56.12
2005-02-07,56.1
2005-02-08,56.05
2005-02-09,55.5
2005-02-10,55.73
2005-02-11,55.84
2005-02-14,55.95
2005-02-15,56.03
2005-02-16,56.06
2005-02-17,55.72
2005-02-18,55.6
2005-02-22,54.73
2005-02-23,55.01
2005-02-24,55.27
2005-02-25,55.5
2005-02-28,55.5
2005-03-01,56
2005-03-02,55.95
2005-03-03,56.03
2005-03-04,56.33
2005-03-07,56.14
2005-03-08,55.93
2005-03-09,55.5
2005-03-10,55.54
2005-03-11,55.33
2005-03-14,55.46
2005-03-15,55.25
2005-03-16,54.83
2005-03-17,55.03
2005-03-18,54.89
2005-03-21,54.72
2005-03-22,54.46
2005-03-23,54.68
2005-03-24,54.65
2005-03-28,54.92
2005-03-29,54.62
2005-03-30,55.41
2005-03-31,55.2
2005-04-01,54.76
2005-04-04,54.99
2005-04-05,55.26
2005-04-06,55.11
2005-04-07,55.47
2005-04-08,55.43
2005-04-11,55.42
2005-04-12,55.7
2005-04-13,55.43
2005-04-14,55.35
2005-04-15,54.78
2005-04-18,54.53
2005-04-19,54.7
2005-04-20,53.83
2005-04-21,54.76
2005-04-22,54.16
2005-04-25,54.75
2005-04-26,54.49
2005-04-27,54.53
2005-04-28,54.26
2005-04-29,54.53
2005-05-02,54.96
2005-05-03,55.1
2005-05-04,55.63
2005-05-05,55.54
2005-05-06,55.3
2005-05-09,55.55
2005-05-10,55.3
2005-05-11,55.55
2005-05-12,55.33
2005-05-13,54.85
2005-05-16,55.44
2005-05-17,55.67
2005-05-18,56.3
2005-05-19,56.48
2005-05-20,56.63
2005-05-23,56.55
2005-05-24,56.58
2005-05-25,56.36
2005-05-26,56.43
2005-05-27,56.33
2005-05-31,56.07
2005-06-01,56.24
2005-06-02,56.67
2005-06-03,56.18
2005-06-06,56.13
2005-06-07,56.57
2005-06-08,56.25
2005-06-09,56.34
2005-06-10,56.17
2005-06-13,56.27
2005-06-14,56.34
2005-06-15,56.41
2005-06-16,56.41
2005-06-17,56.45
2005-06-20,56.5
2005-06-21,56.37
2005-06-22,56.27
2005-06-23,55.82
2005-06-24,55.24
2005-06-27,55.2
2005-06-28,55.72
2005-06-29,55.45
2005-06-30,55.15
2005-07-01,55.36
2005-07-05,55.67
2005-07-06,55.25
2005-07-07,55.26
2005-07-08,55.74
2005-07-11,56.12
2005-07-12,56.37
2005-07-13,56.41
2005-07-14,56.78
2005-07-15,56.69
2005-07-18,56.6
2005-07-19,56.43
2005-07-20,56.53
2005-07-21,56.3
2005-07-22,56.61
2005-07-25,56.35
2005-07-26,56.61
2005-07-27,56.66
2005-07-28,57.13
2005-07-29,56.96
2005-08-01,56.67
2005-08-02,56.88
2005-08-03,56.91
2005-08-04,56.48
2005-08-05,56.03
2005-08-08,55.92
2005-08-09,56.05
2005-08-10,55.95
2005-08-11,55.98
2005-08-12,55.88
2005-08-15,56.13
2005-08-16,55.65
2005-08-17,55.6
2005-08-18,56.09
2005-08-19,56.19
2005-08-22,56.26
2005-08-23,56.17
2005-08-24,55.55
2005-08-25,55.81
2005-08-26,55.6
2005-08-29,56.02
2005-08-30,55.69
2005-08-31,55.82
2005-09-01,56.04
2005-09-02,56.07
2005-09-06,56.51
2005-09-07,56.6
2005-09-08,56.35
2005-09-09,56.62
2005-09-12,56.74
2005-09-13,56.15
2005-09-14,55.85
2005-09-15,56.12
2005-09-16,56.38
2005-09-19,56.02
2005-09-20,55.67
2005-09-21,54.82
2005-09-22,54.92
2005-09-23,55.3
2005-09-26,55.26
2005-09-27,55.7
2005-09-28,55.82
2005-09-29,56.25
2005-09-30,56.57
2005-10-03,56.6
2005-10-04,56.42
2005-10-05,55.88
2005-10-06,55.57
2005-10-07,55.53
2005-10-10,55.36
2005-10-11,55.25
2005-10-12,54.96
2005-10-13,54.85
2005-10-14,55.29
2005-10-17,55.71
2005-10-18,55.43
2005-10-19,55.99
2005-10-20,55.47
2005-10-21,55.4
2005-10-24,55.91
2005-10-25,55.67
2005-10-26,55.41
2005-10-27,54.77
2005-10-28,55.74
2005-10-31,56.09
2005-11-01,55.76
2005-11-02,56.02
2005-11-03,56.06
2005-11-04,55.96
2005-11-07,56.15
2005-11-08,56.03
2005-11-09,56.2
2005-11-10,56.73
2005-11-11,56.75
2005-11-14,56.51
2005-11-15,56.22
2005-11-16,56.26
2005-11-17,56.38
2005-11-18,56.47
2005-11-21,56.7
2005-11-22,56.94
2005-11-23,57.09
2005-11-28,56.98
2005-11-29,56.95
2005-11-30,56.5
2005-12-01,57.02
2005-12-02,57
2005-12-05,56.87
2005-12-06,56.83
2005-12-07,56.56
2005-12-08,56.53
2005-12-09,56.7
2005-12-12,56.77
2005-12-13,57.34
2005-12-14,57.8
2005-12-15,57.78
2005-12-16,57.8
2005-12-19,57.61
2005-12-20,57.21
2005-12-21,57.55
2005-12-23,56.76
2005-12-27,56.35
2005-12-28,56.54
2005-12-29,56.35
2005-12-30,55.93
2006-01-03,56.15
2006-01-04,56.48
2006-01-05,56.19
2006-01-06,56.36
2006-01-09,56.69
2006-01-10,56.46
2006-01-11,56.61
2006-01-12,56.42
2006-01-13,56.39
2006-01-17,56.12
2006-01-18,56.31
2006-01-19,56.44
2006-01-20,55.78
2006-01-23,55.91
2006-01-24,56.06
2006-01-25,56
2006-01-26,56.22
2006-01-27,56.62
2006-01-30,56.45
2006-01-31,56.2
2006-02-01,56.42
2006-02-02,56.26
2006-02-03,55.99
2006-02-06,55.99
2006-02-07,55.6
2006-02-08,55.97
2006-02-09,55.99
2006-02-10,56.02
2006-02-13,55.73
2006-02-14,56.4
2006-02-15,56.76
2006-02-16,57.22
2006-02-17,57.05
2006-02-21,56.93
2006-02-22,57.26
2006-02-23,57.3
2006-02-24,57.18
2006-02-27,57.46
2006-02-28,56.78
2006-03-01,56.95
2006-03-02,56.93
2006-03-03,56.94
2006-03-06,56.7
2006-03-07,56.97
2006-03-08,57.52
2006-03-09,57.57
2006-03-10,58.03
2006-03-13,58.05
2006-03-14,58.17
2006-03-15,57.97
2006-03-16,58.09
2006-03-17,58.14
2006-03-20,58.35
2006-03-21,58.08
2006-03-22,58.37
2006-03-23,58.1
2006-03-24,58.12
2006-03-27,57.95
2006-03-28,57.51
2006-03-29,57.96
2006-03-30,57.65
2006-03-31,57.45
2006-04-03,57.56
2006-04-04,57.63
2006-04-05,57.65
2006-04-06,57.49
2006-04-07,56.98
2006-04-10,56.95
2006-04-11,56.44
2006-04-12,56.7
2006-04-13,56.57
2006-04-17,56.21
2006-04-18,56.78
2006-04-19,56.94
2006-04-20,56.93
2006-04-21,56.98
2006-04-24,57.2
2006-04-25,57.2
2006-04-26,57.72
2006-04-27,57.75
2006-04-28,57.86
2006-05-01,57.9
2006-05-02,58.26
2006-05-03,57.92
2006-05-04,57.94
2006-05-05,58.55
2006-05-08,58.86
2006-05-09,58.95
2006-05-10,58.87
2006-05-11,58.15
2006-05-12,57.62
2006-05-15,58.23
2006-05-16,58.37
2006-05-17,57.73
2006-05-18,57.47
2006-05-19,57.52
2006-05-22,57.67
2006-05-23,57.65
2006-05-24,58.01
2006-05-25,58.62
2006-05-26,58.74
2006-05-30,57.85
2006-05-31,58.12
2006-06-01,58.47
2006-06-02,58.39
2006-06-05,57.5
2006-06-06,57.56
2006-06-07,57.55
2006-06-08,57.73
2006-06-09,57.72
2006-06-12,57.32
2006-06-13,56.98
2006-06-14,57.18
2006-06-15,57.71
2006-06-16,57.78
2006-06-19,57.46
2006-06-20,57.89
2006-06-21,58.16
2006-06-22,58.11
2006-06-23,57.9
2006-06-26,58.21
2006-06-27,57.86
2006-06-28,58.08
2006-06-29,59.12
2006-06-30,58.91
2006-07-05,58.75
2006-07-06,59.32
2006-07-07,59.21
2006-07-10,59.6
2006-07-11,59.86
2006-07-12,59.51
2006-07-13,58.89
2006-07-14,58.36
2006-07-17,58.42
2006-07-18,58.69
2006-07-19,59.42
2006-07-20,59.38
2006-07-21,59.11
2006-07-24,59.63
2006-07-25,59.98
2006-07-26,59.78
2006-07-27,59.44
2006-07-28,59.98
2006-07-31,59.75
2006-08-01,59.39
2006-08-02,59.91
2006-08-03,60.05
2006-08-04,60.06
2006-08-07,59.9
2006-08-08,60.07
2006-08-09,59.74
2006-08-10,60.31
2006-08-11,60.2
2006-08-14,60.4
2006-08-15,60.78
2006-08-16,60.84
2006-08-17,60.82
2006-08-18,61.09
2006-08-21,61.14
2006-08-22,61.12
2006-08-23,61.03
2006-08-24,61.22
2006-08-25,61.22
2006-08-28,61.58
2006-08-29,61.87
2006-08-30,61.99
2006-08-31,62
2006-09-01,62.3
2006-09-05,62.13
2006-09-06,61.96
2006-09-07,61.72
2006-09-08,62.06
2006-09-11,62.4
2006-09-12,62.53
2006-09-13,62.3
2006-09-14,62.46
2006-09-15,62.62
2006-09-18,62.42
2006-09-19,62.49
2006-09-20,62.9
2006-09-21,62.36
2006-09-22,62.31
2006-09-25,62.04
2006-09-26,62.23
2006-09-27,62.54
2006-09-28,62.39
2006-09-29,62.12
2006-10-02,61.76
2006-10-03,61.79
2006-10-04,62.47
2006-10-05,62.41
2006-10-06,62.1
2006-10-09,62.18
2006-10-10,61.99
2006-10-11,62.09
2006-10-12,62.34
2006-10-13,62.17
2006-10-16,62.32
2006-10-17,62.13
2006-10-18,62.5
2006-10-19,62.5
2006-10-20,62.77
2006-10-23,63.21
2006-10-24,63.1
2006-10-25,63.48
2006-10-26,63.76
2006-10-27,63.5
2006-10-30,63.37
2006-10-31,63.36
2006-11-01,62.85
2006-11-02,62.71
2006-11-03,62.41
2006-11-06,62.67
2006-11-07,62.76
2006-11-08,63.02
2006-11-09,62.72
2006-11-10,62.76
2006-11-13,62.6
2006-11-14,62.99
2006-11-15,63.21
2006-11-16,63.51
2006-11-17,63.55
2006-11-20,63.49
2006-11-21,63.35
2006-11-22,63.57
2006-11-27,62.51
2006-11-28,62.87
2006-11-29,63.31
2006-11-30,63.21
2006-12-01,62.93
2006-12-04,63.83
2006-12-05,64.2
2006-12-06,64.29
2006-12-07,64.23
2006-12-08,64.35
2006-12-11,64.31
2006-12-12,64.44
2006-12-13,64.34
2006-12-14,64.57
2006-12-15,64.7
2006-12-18,63.65
2006-12-19,63.68
2006-12-20,63.7
2006-12-21,63.76
2006-12-22,63.67
2006-12-26,63.82
2006-12-27,64.18
2006-12-28,64.19
2006-12-29,63.84
2007-01-03,64.17
2007-01-04,64.3
2007-01-05,63.75
2007-01-08,63.96
2007-01-09,63.97
2007-01-10,64.39
2007-01-11,64.84
2007-01-12,64.81
2007-01-16,64.85
2007-01-17,64.88
2007-01-18,64.93
2007-01-19,65.08
2007-01-22,64.87
2007-01-23,65.02
2007-01-24,65.27
2007-01-25,64.76
2007-01-26,64.84
2007-01-29,64.92
2007-01-30,64.96
2007-01-31,65.24
2007-02-01,65.7
2007-02-02,65.61
2007-02-05,65.41
2007-02-06,65.4
2007-02-07,65.32
2007-02-08,65.12
2007-02-09,64.95
2007-02-12,64.98
2007-02-13,65.33
2007-02-14,65.54
2007-02-15,65.88
2007-02-16,66.01
2007-02-20,66.32
2007-02-21,66.1
2007-02-22,65.86
2007-02-23,65.67
2007-02-26,65.77
2007-02-27,63.76
2007-02-28,64.3
2007-03-01,64.27
2007-03-02,63.55
2007-03-05,63.05
2007-03-06,63.86
2007-03-07,63.63
2007-03-08,64.1
2007-03-09,64.28
2007-03-12,64.41
2007-03-13,63.47
2007-03-14,63.6
2007-03-15,64.03
2007-03-16,63.96
2007-03-19,64.28
2007-03-20,64.96
2007-03-21,65.64
2007-03-22,65.84
2007-03-23,65.88
2007-03-26,65.82
2007-03-27,65.44
2007-03-28,65.37
2007-03-29,65.52
2007-03-30,65.65
2007-04-02,65.75
2007-04-03,66.37
2007-04-04,66.55
2007-04-05,66.73
2007-04-09,66.82
2007-04-10,66.85
2007-04-11,66.52
2007-04-12,66.79
2007-04-13,66.9
2007-04-16,67.22
2007-04-17,67.51
2007-04-18,67.47
2007-04-19,67.55
2007-04-20,68.16
2007-04-23,68
2007-04-24,68.08
2007-04-25,68.36
2007-04-26,68.09
2007-04-27,67.92
2007-04-30,67.76
2007-05-01,67.55
2007-05-02,67.73
2007-05-03,67.68
2007-05-04,67.82
2007-05-07,67.93
2007-05-08,67.67
2007-05-09,67.79
2007-05-10,67.1
2007-05-11,67.25
2007-05-14,67.16
2007-05-15,67.33
2007-05-16,68.06
2007-05-17,67.93
2007-05-18,68.29
2007-05-21,68.06
2007-05-22,68.09
2007-05-23,68.01
2007-05-24,67.8
2007-05-25,68.15
2007-05-29,68.46
2007-05-30,68.69
2007-05-31,68.7
2007-06-01,69.22
2007-06-04,69.22
2007-06-05,68.79
2007-06-06,68.34
2007-06-07,67.62
2007-06-08,68.1
2007-06-11,68.08
2007-06-12,67.53
2007-06-13,68.15
2007-06-14,68.18
2007-06-15,68.39
2007-06-18,68.13
2007-06-19,67.85
2007-06-20,67.49
2007-06-21,67.84
2007-06-22,67.28
2007-06-25,67.06
2007-06-26,66.98
2007-06-27,67.53
2007-06-28,67.57
2007-06-29,67.47
2007-07-02,68.01
2007-07-03,68.02
2007-07-05,68.01
2007-07-06,68.08
2007-07-09,68.22
2007-07-10,67.34
2007-07-11,67.63
2007-07-12,68.7
2007-07-13,68.97
2007-07-16,68.86
2007-07-17,68.43
2007-07-18,68.34
2007-07-19,68.51
2007-07-20,67.89
2007-07-23,68.35
2007-07-24,67.59
2007-07-25,67.77
2007-07-26,66.56
2007-07-27,65.62
2007-07-30,66.18
2007-07-31,65.59
2007-08-01,66.27
2007-08-02,66.79
2007-08-03,65.92
2007-08-06,67.65
2007-08-07,67.98
2007-08-08,68.42
2007-08-09,67.18
2007-08-10,67.31
2007-08-13,67.36
2007-08-14,66.2
2007-08-15,65.57
2007-08-16,65.76
2007-08-17,66.78
2007-08-20,66.63
2007-08-21,66.62
2007-08-22,67.16
2007-08-23,67.03
2007-08-24,67.64
2007-08-27,67.4
2007-08-28,66.36
2007-08-29,67.26
2007-08-30,66.95
2007-08-31,67.25
2007-09-04,67.64
2007-09-05,66.9
2007-09-06,67.32
2007-09-07,66.77
2007-09-11,67.48
2007-09-12,67.8
2007-09-13,67.96
2007-09-14,68.16
2007-09-17,67.86
2007-09-18,68.97
2007-09-19,69.36
2007-09-20,69.16
2007-09-21,69.29
2007-09-24,69.22
2007-09-25,69.22
2007-09-26,69.86
2007-09-27,70.16
2007-09-28,70.11
2007-10-01,70.1
2007-10-02,70.25
2007-10-03,69.88
2007-10-04,70.09
2007-10-05,70.47
2007-10-08,70.22
2007-10-09,70.33
2007-10-10,70.59
2007-10-11,70.48
2007-10-12,70.84
2007-10-15,70.36
2007-10-16,70.35
2007-10-17,70.35
2007-10-18,70.45
2007-10-19,69.46
2007-10-22,69.95
2007-10-23,70.16
2007-10-24,69.99
2007-10-25,70.61
2007-10-26,71.15
2007-10-29,71.39
2007-10-30,70.77
2007-10-31,71.39
2007-11-01,69.88
2007-11-02,70.16
2007-11-05,70.15
2007-11-06,70.66
2007-11-07,69.66
2007-11-08,70.38
2007-11-09,69.83
2007-11-12,69.79
2007-11-13,71
2007-11-14,71.02
2007-11-15,70.79
2007-11-16,71.45
2007-11-19,70.92
2007-11-20,71.28
2007-11-21,70.46
2007-11-27,71.19
2007-11-28,72.37
2007-11-29,72.66
2007-11-30,72.75
2007-12-03,72.52
2007-12-04,72.37
2007-12-05,72.91
2007-12-06,73.52
2007-12-07,73.54
2007-12-10,73.77
2007-12-11,72.77
2007-12-12,73.16
2007-12-13,73.24
2007-12-14,71.32
2007-12-17,70.68
2007-12-19,70.98
2007-12-20,71.13
2007-12-21,72.05
2007-12-26,72.16
2007-12-27,71.45
2007-12-28,71.55
2007-12-31,70.79
2008-01-02,69.99
2008-01-03,69.62
2008-01-04,69.19
2008-01-07,70.2
2008-01-08,69.9
2008-01-09,70.47
2008-01-10,71.02
2008-01-11,69.67
2008-01-14,69.48
2008-01-15,68.52
2008-01-16,68.4
2008-01-17,67.51
2008-01-18,66.64
2008-01-22,65.93
2008-01-23,66.72
2008-01-24,66.64
2008-01-25,65.82
2008-01-28,66.54
2008-01-29,66.6
2008-01-30,65.84
2008-01-31,67.04
2008-02-01,68
2008-02-04,67.46
2008-02-05,66.47
2008-02-06,66.08
2008-02-07,66.83
2008-02-08,66.38
2008-02-11,67.03
2008-02-12,67.66
2008-02-13,67.89
2008-02-14,67.21
2008-02-15,67.49
2008-02-19,67.46
2008-02-20,67.61
2008-02-21,67.2
2008-02-22,67.68
2008-02-25,68.17
2008-02-26,68.65
2008-02-27,68.55
2008-02-28,68.22
2008-02-29,67.03
2008-03-03,67.33
2008-03-04,67.43
2008-03-05,67.67
2008-03-06,66.8
2008-03-07,66.46
2008-03-10,66.21
2008-03-11,67.35
2008-03-12,67.3
2008-03-13,67.3
2008-03-14,66.29
2008-03-17,65.97
2008-03-18,67.46
2008-03-19,67.17
2008-03-20,68.05
2008-03-24,68.95
2008-03-25,69.11
2008-03-26,68.85
2008-03-27,68.77
2008-03-28,68.69
2008-03-31,68.81
2008-04-01,69.95
2008-04-02,69.51
2008-04-03,69.54
2008-04-04,69.61
2008-04-07,69.57
2008-04-08,69.05
2008-04-09,68.78
2008-04-10,69.02
2008-04-11,68.43
2008-04-14,68.44
2008-04-15,68.8
2008-04-16,69.29
2008-04-17,68.92
2008-04-18,69.18
2008-04-21,69.26
2008-04-22,68.68
2008-04-23,69.23
2008-04-24,69.16
2008-04-25,68.88
2008-04-28,68.95
2008-04-29,69.14
2008-04-30,68.68
2008-05-01,69.26
2008-05-05,69
2008-05-06,69.26
2008-05-07,68.61
2008-05-09,68.32
2008-05-12,68.97
2008-05-13,68.9
2008-05-14,69.19
2008-05-15,69.78
2008-05-16,69.92
2008-05-19,69.81
2008-05-20,69.31
2008-05-21,68.68
2008-05-22,69.28
2008-05-23,68.97
2008-05-27,69.34
2008-05-28,69.17
2008-05-29,69.91
2008-05-30,69.85
2008-06-02,69.42
2008-06-03,69.32
2008-06-04,69.64
2008-06-05,70.37
2008-06-06,68.61
2008-06-09,68.69
2008-06-10,69.28
2008-06-11,68.63
2008-06-12,68.93
2008-06-13,68.77
2008-06-16,68.28
2008-06-17,68
2008-06-18,67.28
2008-06-19,67.5
2008-06-20,66.71
2008-06-23,66.33
2008-06-24,66.53
2008-06-25,67.28
2008-06-26,65.98
2008-06-27,65.23
2008-06-30,65.16
2008-07-01,65.41
2008-07-02,65.21
2008-07-07,65.66
2008-07-08,66.63
2008-07-09,66.29
2008-07-10,66.3
2008-07-11,65.99
2008-07-14,65.77
2008-07-15,66.11
2008-07-16,66.8
2008-07-17,66.59
2008-07-18,66.17
2008-07-21,65.92
2008-07-22,67.06
2008-07-23,67.45
2008-07-24,66.71
2008-07-25,66.62
2008-07-28,66.2
2008-07-29,67.45
2008-07-30,68.14
2008-07-31,67.23
2008-08-01,67.27
2008-08-04,67.85
2008-08-05,69.55
2008-08-06,69.78
2008-08-07,68.53
2008-08-08,69.98
2008-08-11,70.3
2008-08-12,70.68
2008-08-13,70.42
2008-08-14,70.57
2008-08-15,71.27
2008-08-18,70.52
2008-08-19,69.88
2008-08-20,69.97
2008-08-21,69.61
2008-08-22,70.39
2008-08-25,69.61
2008-08-26,69.15
2008-08-27,69.65
2008-08-28,69.87
2008-08-29,69.06
2008-09-02,69.7
2008-09-03,69.69
2008-09-04,68.85
2008-09-05,69.46
2008-09-08,70.91
2008-09-09,70.45
2008-09-10,70.56
2008-09-11,71.49
2008-09-12,71.46
2008-09-15,70.41
2008-09-16,70.31
2008-09-17,68.29
2008-09-18,69.61
2008-09-19,69.65
2008-09-22,68.01
2008-09-23,67.63
2008-09-24,67.62
2008-09-25,68.7
2008-09-26,69.14
2008-09-29,66.89
2008-09-30,67.95
2008-10-01,68.59
2008-10-02,67.69
2008-10-03,67.19
2008-10-06,64.85
2008-10-07,62.73
2008-10-08,61.61
2008-10-09,58.29
2008-10-10,57.3
2008-10-13,61.41
2008-10-14,59.98
2008-10-15,55.89
2008-10-16,58.47
2008-10-17,58.79
2008-10-20,60.36
2008-10-21,59.5
2008-10-22,57.44
2008-10-23,57.55
2008-10-24,55.42
2008-10-27,54.16
2008-10-28,58.6
2008-10-29,57.35
2008-10-30,59.28
2008-10-31,60.11
2008-11-03,60.1
2008-11-04,61.25
2008-11-05,59.43
2008-11-06,57.95
2008-11-07,59.02
2008-11-10,59.04
2008-11-11,58
2008-11-12,56.04
2008-11-13,58.71
2008-11-14,56.92
2008-11-17,56.13
2008-11-18,56.83
2008-11-19,55.05
2008-11-20,52.72
2008-11-21,55.24
2008-11-24,56.61
2008-11-25,56.65
2008-11-26,57.66
2008-12-01,55.08
2008-12-02,55.85
2008-12-03,56.73
2008-12-04,55.61
2008-12-05,57.6
2008-12-08,57.78
2008-12-09,56.45
2008-12-10,56.85
2008-12-11,56.12
2008-12-12,56.39
2008-12-15,56.22
2008-12-16,57.74
2008-12-17,57.54
2008-12-18,57.64
2008-12-19,57.56
2008-12-22,56.18
2008-12-23,55.77
2008-12-24,56.16
2008-12-26,56.35
2008-12-29,56.08
2008-12-30,57.08
2008-12-31,57.85
2009-01-02,58.66
2009-01-05,58.57
2009-01-06,58.06
2009-01-07,57.37
2009-01-08,56.74
2009-01-09,55.96
2009-01-12,55.64
2009-01-13,55.94
2009-01-14,54.67
2009-01-15,54.89
2009-01-16,55.6
2009-01-20,54.61
2009-01-21,55.04
2009-01-22,54.87
2009-01-23,54.42
2009-01-26,54.77
2009-01-27,55.05
2009-01-28,55.76
2009-01-29,55.22
2009-01-30,53.45
2009-02-02,53.24
2009-02-03,54.33
2009-02-04,53.06
2009-02-05,53.81
2009-02-06,54.77
2009-02-09,54.15
2009-02-10,52.45
2009-02-11,52.75
2009-02-12,53.43
2009-02-13,52.7
2009-02-17,51.69
2009-02-18,51.91
2009-02-19,52.4
2009-02-20,51.62
2009-02-23,50.3
2009-02-24,51.19
2009-02-25,50.77
2009-02-26,49.49
2009-02-27,49.53
2009-03-02,48.17
2009-03-03,47.77
2009-03-04,48.57
2009-03-05,47.2
2009-03-06,47.69
2009-03-09,46.77
2009-03-10,47.89
2009-03-11,47.87
2009-03-12,49.12
2009-03-13,49.97
2009-03-16,50.51
2009-03-17,51.36
2009-03-18,51.18
2009-03-19,50.62
2009-03-20,50.53
2009-03-23,52.62
2009-03-24,52.33
2009-03-25,52.88
2009-03-26,53.55
2009-03-27,53.02
2009-03-30,51.84
2009-03-31,51.38
2009-04-01,52.56
2009-04-02,53.74
2009-04-03,53.73
2009-04-06,53.62
2009-04-07,52.74
2009-04-08,53.37
2009-04-09,53.58
2009-04-13,53.47
2009-04-14,52.65
2009-04-15,53.4
2009-04-16,54.11
2009-04-17,54.48
2009-04-20,53.45
2009-04-21,53.67
2009-04-22,53.15
2009-04-23,53.01
2009-04-24,53.06
2009-04-27,53.28
2009-04-28,53.5
2009-04-29,54.36
2009-04-30,54.4
2009-05-01,54.56
2009-05-04,55.51
2009-05-05,55.27
2009-05-06,55.41
2009-05-07,55.5
2009-05-08,56.11
2009-05-11,55.81
2009-05-12,56.42
2009-05-13,55.77
2009-05-14,55.9
2009-05-15,55.66
2009-05-18,56.74
2009-05-19,56.82
2009-05-20,56.9
2009-05-21,56.46
2009-05-22,56.71
2009-05-26,57.29
2009-05-27,56.27
2009-05-28,56.73
2009-05-29,57.32
2009-06-01,58.57
2009-06-02,59.22
2009-06-03,58.86
2009-06-04,59.03
2009-06-05,58.85
2009-06-08,58.82
2009-06-09,58.52
2009-06-10,58.05
2009-06-11,58.04
2009-06-12,58.44
2009-06-15,57.18
2009-06-16,56.45
2009-06-17,56.74
2009-06-18,57.69
2009-06-19,57.36
2009-06-22,56.9
2009-06-23,56.74
2009-06-24,56.81
2009-06-25,57.74
2009-06-26,57.68
2009-06-29,58.09
2009-06-30,57.68
2009-07-01,58.61
2009-07-02,57.61
2009-07-06,58.35
2009-07-07,57.71
2009-07-08,57.9
2009-07-09,57.46
2009-07-10,57.3
2009-07-13,57.99
2009-07-14,58.39
2009-07-15,59.54
2009-07-16,59.76
2009-07-17,59.92
2009-07-20,59.96
2009-07-21,59.9
2009-07-22,59.95
2009-07-23,60.73
2009-07-24,61.2
2009-07-27,61.1
2009-07-28,61.18
2009-07-29,61.32
2009-07-30,61.54
2009-07-31,61.5
2009-08-03,61.54
2009-08-04,61.66
2009-08-05,61.08
2009-08-06,60.66
2009-08-07,60.97
2009-08-10,61.14
2009-08-11,60.89
2009-08-12,60.93
2009-08-13,61.17
2009-08-14,60.93
2009-08-17,60.42
2009-08-18,60.58
2009-08-19,61.03
2009-08-20,61.38
2009-08-21,62.09
2009-08-24,62.06
2009-08-25,62.1
2009-08-26,62.35
2009-08-27,62.25
2009-08-28,61.94
2009-08-31,62.07
2009-09-01,61.47
2009-09-02,61.49
2009-09-03,61.78
2009-09-04,62.26
2009-09-08,62.75
2009-09-09,62.83
2009-09-10,63.24
2009-09-11,63.47
2009-09-14,63.4
2009-09-15,63.07
2009-09-16,63.55
2009-09-17,63.44
2009-09-18,64.07
2009-09-21,63.99
2009-09-22,64.01
2009-09-23,64.04
2009-09-24,63.74
2009-09-25,63.55
2009-09-28,63.88
2009-09-29,64.21
2009-09-30,64.26
2009-10-01,63.62
2009-10-02,63.88
2009-10-05,64.04
2009-10-06,64.66
2009-10-07,64.88
2009-10-08,65.26
2009-10-09,65.42
2009-10-12,65.44
2009-10-13,65.34
2009-10-14,65.68
2009-10-15,66.24
2009-10-16,66.4
2009-10-19,66.92
2009-10-20,66.76
2009-10-21,66.2
2009-10-22,66.31
2009-10-23,65.63
2009-10-26,65.16
2009-10-27,65.23
2009-10-28,64.84
2009-10-29,65.92
2009-10-30,64.73
2009-11-02,65.38
2009-11-03,65.09
2009-11-04,65.27
2009-11-05,65.68
2009-11-06,65.9
2009-11-09,66.77
2009-11-10,66.87
2009-11-11,67.08
2009-11-12,66.64
2009-11-13,67.1
2009-11-16,67.67
2009-11-17,67.83
2009-11-18,67.82
2009-11-19,67.48
2009-11-20,67.55
2009-11-23,68.19
2009-11-24,68.25
2009-11-25,68.16
2009-11-27,67.5
2009-11-30,67.21
2009-12-01,68.1
2009-12-02,68.13
2009-12-03,67.62
2009-12-04,68.08
2009-12-07,68.17
2009-12-08,67.36
2009-12-09,67.33
2009-12-10,67.55
2009-12-11,67.93
2009-12-14,68.14
2009-12-15,67.82
2009-12-16,67.68
2009-12-17,66.82
2009-12-18,66.63
2009-12-21,67.25
2009-12-22,65.79
2009-12-23,66.05
2009-12-24,66.22
2009-12-28,66.4
2009-12-29,66.55
2009-12-30,66.49
2009-12-31,65.69
2010-01-04,66.36
2010-01-05,66.42
2010-01-06,66.41
2010-01-07,66.41
2010-01-08,66.05
2010-01-11,66.28
2010-01-12,66.58
2010-01-13,67.04
2010-01-14,67
2010-01-15,66.62
2010-01-19,67.04
2010-01-20,66.54
2010-01-21,65.51
2010-01-22,65.26
2010-01-25,65.39
2010-01-26,65.29
2010-01-27,65.43
2010-01-28,65.22
2010-01-29,65.06
2010-02-01,65.58
2010-02-02,66.41
2010-02-03,66.08
2010-02-04,64.53
2010-02-05,64.48
2010-02-08,64.3
2010-02-09,65.15
2010-02-10,65.09
2010-02-11,65.66
2010-02-12,65.48
2010-02-16,66.32
2010-02-17,66.8
2010-02-18,67.29
2010-02-19,67.39
2010-02-22,67.3
2010-02-23,66.92
2010-02-24,67.38
2010-02-25,67.39
2010-02-26,67.04
2010-03-01,67.5
2010-03-02,67.85
2010-03-03,67.94
2010-03-04,68.2
2010-03-05,68.61
2010-03-08,68.38
2010-03-09,68.34
2010-03-10,68.2
2010-03-11,68.23
2010-03-12,68.39
2010-03-15,68.86
2010-03-16,69.21
2010-03-17,69.5
2010-03-18,69.44
2010-03-19,69.28
2010-03-22,69.7
2010-03-23,70.34
2010-03-24,69.7
2010-03-25,69.62
2010-03-26,69.69
2010-03-29,70.07
2010-03-30,70.19
2010-03-31,69.79
2010-04-01,70.16
2010-04-05,70.19
2010-04-06,69.96
2010-04-07,69.63
2010-04-08,69.67
2010-04-09,70.05
2010-04-12,70.15
2010-04-13,70.12
2010-04-14,70.24
2010-04-15,70.12
2010-04-16,69.89
2010-04-19,70.04
2010-04-20,70.29
2010-04-21,70.19
2010-04-22,70.14
2010-04-23,70.07
2010-04-26,69.93
2010-04-27,68.73
2010-04-28,69.17
2010-04-29,69.49
2010-04-30,69.06
2010-05-03,69.42
2010-05-04,68.74
2010-05-05,68.86
2010-05-06,67.1
2010-05-07,66.62
2010-05-10,68.5
2010-05-11,68.51
2010-05-12,69.08
2010-05-13,68.77
2010-05-14,68.11
2010-05-17,68.68
2010-05-18,68.4
2010-05-19,68.22
2010-05-20,66
2010-05-21,66.29
2010-05-24,65.72
2010-05-25,65.13
2010-05-26,64.65
2010-05-27,65.97
2010-05-28,65.63
2010-06-01,65.5
2010-06-02,66.63
2010-06-03,66.73
2010-06-04,64.98
2010-06-07,64.41
2010-06-08,65.35
2010-06-09,65.29
2010-06-10,66.27
2010-06-11,66.05
2010-06-14,66.24
2010-06-15,67.08
2010-06-16,66.66
2010-06-17,67.16
2010-06-18,67.03
2010-06-21,66.75
2010-06-22,66.12
2010-06-23,66.25
2010-06-24,65.61
2010-06-25,65.03
2010-06-28,65.52
2010-06-29,64.4
2010-06-30,63.91
2010-07-01,63.99
2010-07-02,63.83
2010-07-06,64.11
2010-07-07,65.44
2010-07-08,66.39
2010-07-09,66.5
2010-07-12,66.59
2010-07-13,67.21
2010-07-14,67.31
2010-07-15,67.42
2010-07-16,66.51
2010-07-19,66.55
2010-07-20,67.46
2010-07-21,66.79
2010-07-22,67.43
2010-07-23,68.28
2010-07-26,68.6
2010-07-27,68.96
2010-07-28,68.5
2010-07-29,67.69
2010-07-30,67.93
2010-08-02,68.63
2010-08-03,68.15
2010-08-04,68.4
2010-08-05,68.06
2010-08-06,68.25
2010-08-09,68.64
2010-08-10,68.74
2010-08-11,67.5
2010-08-12,67.35
2010-08-13,67.34
2010-08-16,67.35
2010-08-17,67.98
2010-08-18,68.06
2010-08-19,67.26
2010-08-20,67.2
2010-08-23,67.3
2010-08-24,66.99
2010-08-25,67.15
2010-08-26,66.66
2010-08-27,67.17
2010-08-30,66.63
2010-08-31,66.7
2010-09-01,67.9
2010-09-02,68.29
2010-09-03,68.73
2010-09-07,68.42
2010-09-08,68.69
2010-09-09,68.94
2010-09-10,69.28
2010-09-13,69.43
2010-09-14,69.44
2010-09-15,70
2010-09-16,69.92
2010-09-17,69.84
2010-09-20,70.6
2010-09-21,70.49
2010-09-22,70.56
2010-09-23,70.1
2010-09-24,71
2010-09-27,70.71
2010-09-28,71.25
2010-09-29,70.96
2010-09-30,70.68
2010-10-01,70.85
2010-10-04,70.56
2010-10-05,71.29
2010-10-06,71.51
2010-10-07,71.28
2010-10-08,71.48
2010-10-11,71.54
2010-10-12,71.76
2010-10-13,72.31
2010-10-14,72.41
2010-10-15,72.59
2010-10-18,72.72
2010-10-19,71.97
2010-10-20,72.49
2010-10-21,72.71
2010-10-22,72.94
2010-10-25,73.09
2010-10-26,72.76
2010-10-27,72.5
2010-10-28,72.64
2010-10-29,72.86
2010-11-01,72.77
2010-11-02,73.07
2010-11-03,73.25
2010-11-04,74.14
2010-11-05,73.9
2010-11-08,73.66
2010-11-09,73.35
2010-11-10,73.24
2010-11-11,73.17
2010-11-12,72.92
2010-11-15,72.91
2010-11-16,72.14
2010-11-17,72.13
2010-11-18,73.07
2010-11-19,73.25
2010-11-22,73.2
2010-11-23,72.46
2010-11-24,73.03
2010-11-26,72.65
2010-11-29,72.48
2010-11-30,72.17
2010-12-01,73.26
2010-12-02,73.36
2010-12-03,73.45
2010-12-06,73.31
2010-12-07,73.61
2010-12-08,73.85
2010-12-09,74.09
2010-12-10,74.2
2010-12-13,74.19
2010-12-14,74.5
2010-12-15,74.55
2010-12-16,75.19
2010-12-17,75.37
2010-12-20,75.31
2010-12-21,75.17
2010-12-22,73.54
2010-12-23,73.55
2010-12-27,73.29
2010-12-28,73.41
2010-12-29,73.42
2010-12-30,73.42
2010-12-31,73.39
2011-01-03,73.51
2011-01-04,73.2
2011-01-05,73.29
2011-01-06,73.02
2011-01-07,72.71
2011-01-10,72.71
2011-01-11,72.7
2011-01-12,73.27
2011-01-13,73.5
2011-01-14,73.52
2011-01-18,73.54
2011-01-19,73.27
2011-01-20,73.56
2011-01-21,73.59
2011-01-24,73.84
2011-01-25,73.98
2011-01-26,73.87
2011-01-27,73.23
2011-01-28,72.36
2011-01-31,72.21
2011-02-01,72.74
2011-02-02,72.43
2011-02-03,72.81
2011-02-04,73.19
2011-02-07,73.32
2011-02-08,73.67
2011-02-09,73.87
2011-02-10,73.52
2011-02-11,74
2011-02-14,73.7
2011-02-15,73.68
2011-02-16,73.92
2011-02-17,74.46
2011-02-18,74.58
2011-02-22,74.04
2011-02-23,73.81
2011-02-24,73.54
2011-02-25,73.95
2011-02-28,74.26
2011-03-01,73.8
2011-03-02,73.63
2011-03-03,74.41
2011-03-04,74.08
2011-03-07,73.79
2011-03-08,74.45
2011-03-09,74.82
2011-03-10,74.42
2011-03-11,74.49
2011-03-14,73.92
2011-03-15,73.19
2011-03-16,72.17
2011-03-17,72.62
2011-03-18,73.13
2011-03-21,74.1
2011-03-22,74.06
2011-03-23,74.3
2011-03-24,74.85
2011-03-25,74.93
2011-03-28,74.87
2011-03-29,75.23
2011-03-30,75.7
2011-03-31,75.59
2011-04-01,76.04
2011-04-04,76.17
2011-04-05,76.31
2011-04-06,76.6
2011-04-07,76.65
2011-04-08,76.41
2011-04-11,76.77
2011-04-12,76.95
2011-04-13,76.98
2011-04-14,77.45
2011-04-15,77.87
2011-04-18,77.33
2011-04-19,77.49
2011-04-20,77.92
2011-04-21,77.95
2011-04-25,77.68
2011-04-26,78.25
2011-04-27,78.76
2011-04-28,79.31
2011-04-29,79.57
2011-05-02,79.62
2011-05-03,79.82
2011-05-04,79.8
2011-05-05,79.21
2011-05-06,79.42
2011-05-09,79.71
2011-05-10,80.24
2011-05-11,80.13
2011-05-12,81.21
2011-05-13,81.13
2011-05-16,81.05
2011-05-17,81.25
2011-05-18,81.49
2011-05-19,81.85
2011-05-20,81.59
2011-05-23,81.04
2011-05-24,80.97
2011-05-25,80.47
2011-05-26,80.63
2011-05-27,80.97
2011-05-31,81.72
2011-06-01,80.84
2011-06-02,79.99
2011-06-03,79.16
2011-06-06,78.7
2011-06-07,78.55
2011-06-08,78.5
2011-06-09,78.97
2011-06-10,78.04
2011-06-13,78.39
2011-06-14,79.25
2011-06-15,78.16
2011-06-16,78.75
2011-06-17,79.18
2011-06-20,79.76
2011-06-21,79.87
2011-06-22,79.36
2011-06-23,78.57
2011-06-24,78.1
2011-06-27,78.47
2011-06-28,78.88
2011-06-29,79.25
2011-06-30,79.92
2011-07-01,80.47
2011-07-05,80.46
2011-07-06,80.94
2011-07-07,81.47
2011-07-08,81.24
2011-07-11,80.56
2011-07-12,80.35
2011-07-13,80.42
2011-07-14,80
2011-07-15,80.16
2011-07-18,79.65
2011-07-19,80.92
2011-07-20,80.72
2011-07-21,81.26
2011-07-22,81.14
2011-07-25,80.31
2011-07-26,80.14
2011-07-27,79.15
2011-07-28,79.22
2011-07-29,78.77
2011-08-01,78.54
2011-08-02,77.56
2011-08-03,78.05
2011-08-04,75.43
2011-08-05,76.55
2011-08-08,73.38
2011-08-09,75.2
2011-08-10,72.71
2011-08-11,74.79
2011-08-12,75.59
2011-08-15,76.61
2011-08-16,76.7
2011-08-17,77.2
2011-08-18,75.68
2011-08-19,75.05
2011-08-22,75.28
2011-08-23,77.01
2011-08-24,77.5
2011-08-25,76.31
2011-08-26,76.99
2011-08-29,78.48
2011-08-30,78.75
2011-08-31,78.95
2011-09-01,78.62
2011-09-02,77.45
2011-09-06,77.19
2011-09-07,78.54
2011-09-08,78.31
2011-09-09,76.61
2011-09-12,76.66
2011-09-13,77.1
2011-09-14,77.95
2011-09-15,78.88
2011-09-16,79.34
2011-09-19,78.71
2011-09-20,78.74
2011-09-21,77.39
2011-09-22,75.83
2011-09-23,75.77
2011-09-26,77.26
2011-09-27,77.8
2011-09-28,76.42
2011-09-29,77.03
2011-09-30,76.23
2011-10-03,74.84
2011-10-04,75.47
2011-10-05,75.7
2011-10-06,76.58
2011-10-07,76.98
2011-10-10,78.17
2011-10-11,78.05
2011-10-12,78.68
2011-10-13,78.58
2011-10-14,79.27
2011-10-17,78.29
2011-10-18,78.97
2011-10-19,78.65
2011-10-20,78.97
2011-10-21,80.32
2011-10-24,80.02
2011-10-25,78.87
2011-10-26,79.53
2011-10-27,80.71
2011-10-28,80.75
2011-10-31,79.65
2011-11-01,78.14
2011-11-02,78.83
2011-11-03,79.86
2011-11-04,79.48
2011-11-07,79.88
2011-11-08,80.74
2011-11-09,78.82
2011-11-10,79.31
2011-11-11,80.25
2011-11-14,79.75
2011-11-15,80.17
2011-11-16,79.47
2011-11-17,79.11
2011-11-18,79.33
2011-11-21,78.14
2011-11-22,78.1
2011-11-23,77.24
2011-11-25,77.4
2011-11-28,78.62
2011-11-29,79.35
2011-11-30,81.27
2011-12-01,81.12
2011-12-02,81.08
2011-12-05,81.34
2011-12-06,81.59
2011-12-07,81.71
2011-12-08,80.77
2011-12-09,81.7
2011-12-12,81.04
2011-12-13,80.63
2011-12-14,80.14
2011-12-15,80.94
2011-12-16,81.05
2011-12-19,80.67
2011-12-20,82.32
2011-12-21,81.28
2011-12-22,81.1
2011-12-23,81.74
2011-12-27,81.82
2011-12-28,81.29
2011-12-29,81.93
2011-12-30,81.47
2012-01-03,81.49
2012-01-04,81.27
2012-01-05,81.15
2012-01-06,80.66
2012-01-09,80.77
2012-01-10,81.15
2012-01-11,80.67
2012-01-12,80.71
2012-01-13,80.59
2012-01-17,80.96
2012-01-18,81.17
2012-01-19,81.31
2012-01-20,81.48
2012-01-23,81.36
2012-01-24,81.05
2012-01-25,81.88
2012-01-26,81.59
2012-01-27,81.06
2012-01-30,80.65
2012-01-31,80.61
2012-02-01,81.25
2012-02-02,81.6
2012-02-03,81.89
2012-02-06,81.93
2012-02-07,81.96
2012-02-08,82.01
2012-02-09,82.38
2012-02-10,82.07
2012-02-13,82.39
2012-02-14,82.68
2012-02-15,82.46
2012-02-16,83.13
2012-02-17,83.19
2012-02-21,82.8
2012-02-22,82.73
2012-02-23,83.11
2012-02-24,83.29
2012-02-27,83.28
2012-02-28,83.49
2012-02-29,83.71
2012-03-01,83.62
2012-03-02,83.6
2012-03-05,83.94
2012-03-06,83.19
2012-03-07,83.35
2012-03-08,83.91
2012-03-09,84.15
2012-03-12,84.54
2012-03-13,85.22
2012-03-14,84.95
2012-03-15,85.16
2012-03-16,85.05
2012-03-19,85.13
2012-03-20,85.09
2012-03-21,85.27
2012-03-22,85.3
2012-03-23,85.52
2012-03-26,86.1
2012-03-27,86.06
2012-03-28,85.87
2012-03-29,85.86
2012-03-30,86.28
2012-04-02,86.99
2012-04-03,86.49
2012-04-04,86.25
2012-04-05,86.14
2012-04-09,85.35
2012-04-10,84.58
2012-04-11,84.99
2012-04-12,85.19
2012-04-13,85.13
2012-04-16,85.46
2012-04-17,86.4
2012-04-18,86.33
2012-04-19,86
2012-04-20,86.77
2012-04-23,85.52
2012-04-24,85.56
2012-04-25,86.1
2012-04-26,86.88
2012-04-27,86.8
2012-04-30,86.47
2012-05-01,86.57
2012-05-02,86.79
2012-05-03,86.44
2012-05-04,85.81
2012-05-07,85.85
2012-05-08,85.77
2012-05-09,85.39
2012-05-10,85.96
2012-05-11,85.68
2012-05-14,85.38
2012-05-15,85.29
2012-05-16,85.68
2012-05-17,84.95
2012-05-18,84.38
2012-05-21,84.83
2012-05-22,84.87
2012-05-23,84.65
2012-05-24,85.38
2012-05-25,85.37
2012-05-29,86
2012-05-30,85.34
2012-05-31,85.12
2012-06-01,83.63
2012-06-04,83.85
2012-06-05,83.84
2012-06-06,84.95
2012-06-07,85.27
2012-06-08,85.8
2012-06-11,85.34
2012-06-12,85.81
2012-06-13,85.74
2012-06-14,86.78
2012-06-15,87.07
2012-06-18,87.28
2012-06-19,87.25
2012-06-20,86.86
2012-06-21,85.8
2012-06-22,86.1
2012-06-25,85.63
2012-06-26,85.81
2012-06-27,86.37
2012-06-28,86.63
2012-06-29,88.21
2012-07-02,88.82
2012-07-03,89.24
2012-07-05,89.07
2012-07-06,88.92
2012-07-09,88.75
2012-07-10,88.77
2012-07-11,88.73
2012-07-12,88.55
2012-07-13,89.53
2012-07-16,89.08
2012-07-17,89.43
2012-07-18,89.51
2012-07-19,89.31
2012-07-20,88.75
2012-07-23,87.93
2012-07-24,87.6
2012-07-25,87.62
2012-07-26,89.12
2012-07-27,90.22
2012-07-30,90.63
2012-07-31,90.39
2012-08-01,89.69
2012-08-02,89.16
2012-08-03,90.59
2012-08-06,90.42
2012-08-07,89.97
2012-08-08,90.55
2012-08-09,90.21
2012-08-10,90.18
2012-08-13,90.16
2012-08-14,90.5
2012-08-15,90.66
2012-08-16,90.84
2012-08-17,90.95
2012-08-20,90.91
2012-08-21,90.5
2012-08-22,90.22
2012-08-23,89.54
2012-08-24,90.28
2012-08-27,90.39
2012-08-28,90.6
2012-08-29,90.44
2012-08-30,89.98
2012-08-31,90.15
2012-09-04,90.52
2012-09-05,90.3
2012-09-06,91.53
2012-09-07,90.89
2012-09-10,90.77
2012-09-11,90.57
2012-09-12,90.08
2012-09-13,91.58
2012-09-14,91.02
2012-09-17,91.12
2012-09-18,91.66
2012-09-19,91.94
2012-09-20,92.37
2012-09-21,92.04
2012-09-24,92.24
2012-09-25,91.59
2012-09-26,91.52
2012-09-27,91.88
2012-09-28,91.58
2012-10-01,92.2
2012-10-02,92.29
2012-10-03,92.53
2012-10-04,92.94
2012-10-05,93.21
2012-10-08,92.95
2012-10-09,92.05
2012-10-10,91.74
2012-10-11,91.43
2012-10-12,91.56
2012-10-15,92.07
2012-10-16,92.39
2012-10-17,92.76
2012-10-18,92.43
2012-10-19,91.24
2012-10-22,91.27
2012-10-23,90.08
2012-10-24,90.03
2012-10-25,90.61
2012-10-26,90.31
2012-10-31,90.61
2012-11-01,90.75
2012-11-02,90.19
2012-11-05,90.02
2012-11-06,90.61
2012-11-07,89.58
2012-11-08,88.62
2012-11-09,88.67
2012-11-12,88.62
2012-11-13,88.57
2012-11-14,87.65
2012-11-15,87.55
2012-11-16,88.15
2012-11-19,89.63
2012-11-20,89.84
2012-11-21,90.11
2012-11-23,91.34
2012-11-26,90.78
2012-11-27,90.8
2012-11-28,91.67
2012-11-29,92.09
2012-11-30,92.33
2012-12-03,92.12
2012-12-04,91.97
2012-12-05,92.06
2012-12-06,92.16
2012-12-07,92.74
2012-12-10,92.6
2012-12-11,92.83
2012-12-12,92.56
2012-12-13,92.34
2012-12-14,92.19
2012-12-17,92.4
2012-12-18,92.5
2012-12-19,91.6
2012-12-20,89.5
2012-12-21,88.58
2012-12-24,88.28
2012-12-26,87.61
2012-12-27,87.71
2012-12-28,86.99
2012-12-31,87.91
2013-01-02,90.21
2013-01-03,90.04
2013-01-04,90.34
2013-01-07,89.68
2013-01-08,89.48
2013-01-09,89.72
2013-01-10,90.24
2013-01-11,90.48
2013-01-14,90.9
2013-01-15,91.2
2013-01-16,91.08
2013-01-17,91.76
2013-01-18,92.1
2013-01-22,92.09
2013-01-23,92.05
2013-01-24,92.35
2013-01-25,92.81
2013-01-28,92.88
2013-01-29,93.35
2013-01-30,93.18
2013-01-31,93.08
2013-02-01,93.8
2013-02-04,92.99
2013-02-05,94.01
2013-02-06,94.18
2013-02-07,94.53
2013-02-08,94.49
2013-02-11,94.42
2013-02-12,94.34
2013-02-13,94.43
2013-02-14,94.64
2013-02-15,94.8
2013-02-19,95.8
2013-02-20,95.55
2013-02-21,95.78
2013-02-22,96.24
2013-02-25,95
2013-02-26,95.25
2013-02-27,95.95
2013-02-28,95.97
2013-03-01,96.25
2013-03-04,96.93
2013-03-05,97.24
2013-03-06,97.12
2013-03-07,97.12
2013-03-08,97.4
2013-03-11,97.41
2013-03-12,97.31
2013-03-13,97.55
2013-03-14,97.93
2013-03-15,97.52
2013-03-18,97.25
2013-03-19,97.97
2013-03-20,98.94
2013-03-21,98.65
2013-03-22,99.5
2013-03-25,99.45
2013-03-26,100.4
2013-03-27,100.24
2013-03-28,100.73
2013-04-01,100.62
2013-04-02,101.6
2013-04-03,100.43
2013-04-04,100.98
2013-04-05,100.31
2013-04-08,101.37
2013-04-09,101.22
2013-04-10,102.12
2013-04-11,102.54
2013-04-12,102.92
2013-04-15,101.26
2013-04-16,102.97
2013-04-17,102.11
2013-04-18,101.98
2013-04-19,103.55
2013-04-22,103.84
2013-04-23,104.7
2013-04-24,103.1
2013-04-25,103.51
2013-04-26,103.52
2013-04-29,103.82
2013-04-30,103.68
2013-05-01,103.42
2013-05-02,103.84
2013-05-03,104.4
2013-05-06,103.63
2013-05-07,104.45
2013-05-08,104.59
2013-05-09,103.94
2013-05-10,104.53
2013-05-13,104.7
2013-05-14,105.92
2013-05-15,106.93
2013-05-16,106.28
2013-05-17,106.51
2013-05-20,105.6
2013-05-21,105.55
2013-05-22,105.3
2013-05-23,104.93
2013-05-24,105.73
2013-05-28,106.09
2013-05-29,104.21
2013-05-30,103.82
2013-05-31,101.97
2013-06-03,103.02
2013-06-04,102.98
2013-06-05,101.87
2013-06-06,102.34
2013-06-07,103.64
2013-06-10,103.72
2013-06-11,103.41
2013-06-12,103.01
2013-06-13,104.06
2013-06-14,103.75
2013-06-17,104.59
2013-06-18,105.09
2013-06-19,103.1
2013-06-20,100.02
2013-06-21,101.24
2013-06-24,100.76
2013-06-25,100.97
2013-06-26,102
2013-06-27,102.46
2013-06-28,102
2013-07-01,102.7
2013-07-02,102.82
2013-07-03,102.54
2013-07-05,102.89
2013-07-08,103.87
2013-07-09,104.75
2013-07-10,104.91
2013-07-11,106.48
2013-07-12,106.58
2013-07-15,106.7
2013-07-16,106.36
2013-07-17,106.56
2013-07-18,107.05
2013-07-19,107.57
2013-07-22,107.46
2013-07-23,107.18
2013-07-24,106.48
2013-07-25,107.07
2013-07-26,107.04
2013-07-29,106.66
2013-07-30,106.63
2013-07-31,106.62
2013-08-01,107.61
2013-08-02,107.68
2013-08-05,107.79
2013-08-06,107.58
2013-08-07,107.08
2013-08-08,107.53
2013-08-09,107.01
2013-08-12,106.85
2013-08-13,106.88
2013-08-14,106.2
2013-08-15,104.35
2013-08-16,103.75
2013-08-19,103.39
2013-08-20,103.53
2013-08-21,102.71
2013-08-22,103.2
2013-08-23,103.82
2013-08-26,102.75
2013-08-27,101.97
2013-08-28,101.22
2013-08-29,101.8
2013-08-30,102
2013-09-03,101.85
2013-09-04,102.53
2013-09-05,102.42
2013-09-06,102.54
2013-09-09,103.35
2013-09-10,103.53
2013-09-11,104.2
2013-09-12,104.23
2013-09-13,105.08
2013-09-16,105.94
2013-09-17,106.38
2013-09-18,107.69
2013-09-19,107.2
2013-09-20,106.48
2013-09-23,106.08
2013-09-24,105.54
2013-09-25,104.8
2013-09-26,105.27
2013-09-27,104.59
2013-09-30,103.66
2013-10-01,104.28
2013-10-02,103.97
2013-10-03,103.43
2013-10-04,103.65
2013-10-07,103.18
2013-10-08,103.09
2013-10-09,103.18
2013-10-10,105.07
2013-10-11,105.38
2013-10-14,105.85
2013-10-15,104.96
2013-10-16,106.42
2013-10-17,107.46
2013-10-18,107.75
2013-10-21,107.33
2013-10-22,108.85
2013-10-23,108.98
2013-10-24,108.88
2013-10-25,109.12
2013-10-28,110.45
2013-10-29,111.32
2013-10-30,110.44
2013-10-31,109.84
2013-11-01,110.2
2013-11-04,110.37
2013-11-05,110.67
2013-11-06,111.67
2013-11-07,109.92
2013-11-08,110.54
2013-11-11,110.29
2013-11-12,110.55
2013-11-13,111.46
2013-11-14,112.16
2013-11-15,112.38
2013-11-18,111.89
2013-11-19,111.54
2013-11-20,111.09
2013-11-21,111.48
2013-11-22,111.99
2013-11-25,111.73
2013-11-26,111.72
2013-11-27,111.92
2013-11-29,111.67
2013-12-02,111.08
2013-12-03,111.63
2013-12-04,111.43
2013-12-05,110.39
2013-12-06,112.04
2013-12-09,112.24
2013-12-10,111.3
2013-12-11,111.29
2013-12-12,109.93
2013-12-13,109.68
2013-12-16,109.84
2013-12-17,109.37
2013-12-18,111.15
2013-12-19,110.85
2013-12-20,109.03
2013-12-23,108.98
2013-12-24,109.12
2013-12-26,109.53
2013-12-27,109.83
2013-12-30,110.15
2013-12-31,110.08
2014-01-02,108.89
2014-01-03,108.75
2014-01-06,108.27
2014-01-07,108.9
2014-01-08,108.2
2014-01-09,108.62
2014-01-10,108.77
2014-01-13,107.96
2014-01-14,108.59
2014-01-15,108.53
2014-01-16,108.34
2014-01-17,107.53
2014-01-21,107.9
2014-01-22,107.98
2014-01-23,107
2014-01-24,105.9
2014-01-27,105.55
2014-01-28,106.29
2014-01-29,104.35
2014-01-30,104.65
2014-01-31,104.22
2014-02-03,101.84
2014-02-04,102.43
2014-02-05,102.43
2014-02-06,103.65
2014-02-07,104.58
2014-02-10,105.09
2014-02-11,106.14
2014-02-12,105.78
2014-02-13,106.37
2014-02-14,106.98
2014-02-18,106.46
2014-02-19,106.12
2014-02-20,106.76
2014-02-21,106.51
2014-02-24,106.96
2014-02-25,107.28
2014-02-26,107.17
2014-02-27,107.59
2014-02-28,108.28
2014-03-03,107.68
2014-03-04,109.34
2014-03-05,109.12
2014-03-06,108.98
2014-03-07,109.17
2014-03-10,109.27
2014-03-11,109.26
2014-03-12,109.45
2014-03-13,108.84
2014-03-14,108.93
2014-03-17,109.69
2014-03-18,109.9
2014-03-19,108.94
2014-03-20,109.29
2014-03-21,109.39
2014-03-24,109.28
2014-03-25,109.92
2014-03-26,109.83
2014-03-27,109.7
2014-03-28,109.98
2014-03-31,110.79
2014-04-01,110.71
2014-04-02,110.94
2014-04-03,110.94
2014-04-04,110.31
2014-04-07,110.59
2014-04-08,111
2014-04-09,111.57
2014-04-10,110.56
2014-04-11,109.89
2014-04-14,110.62
2014-04-15,110.96
2014-04-16,112.07
2014-04-17,112.19
2014-04-21,112.27
2014-04-22,112.23
2014-04-23,112.14
2014-04-24,112.39
2014-04-25,112.48
2014-04-28,113.75
2014-04-29,113.35
2014-04-30,113.62
2014-05-01,113.55
2014-05-02,113.54
2014-05-05,113.45
2014-05-06,112.63
2014-05-07,113.76
2014-05-08,113.75
2014-05-09,114.3
2014-05-12,114.57
2014-05-13,114.7
2014-05-14,114.02
2014-05-15,113.01
2014-05-16,113.74
2014-05-19,113.54
2014-05-20,112.99
2014-05-21,113.74
2014-05-22,113.55
2014-05-23,113.81
2014-05-27,114.25
2014-05-28,114.1
2014-05-29,115.17
2014-05-30,115.95
2014-06-02,115.57
2014-06-03,115.26
2014-06-04,115.79
2014-06-05,116.2
2014-06-06,116.48
2014-06-09,116.37
2014-06-10,116.34
2014-06-11,115.99
2014-06-12,115.2
2014-06-13,115.23
2014-06-16,115.63
2014-06-17,115.77
2014-06-18,117.05
2014-06-19,117.69
2014-06-20,117.34
2014-06-23,116.65
2014-06-24,116.17
2014-06-25,116.13
2014-06-26,115.68
2014-06-27,115.93
2014-06-30,115.84
2014-07-01,116.28
2014-07-02,116.46
2014-07-03,117.03
2014-07-07,117.17
2014-07-08,116.92
2014-07-09,117.35
2014-07-10,117.22
2014-07-11,117.34
2014-07-14,117.71
2014-07-15,116.8
2014-07-16,116.73
2014-07-17,115.89
2014-07-18,117.03
2014-07-21,116.42
2014-07-22,116.42
2014-07-23,116.26
2014-07-24,116.67
2014-07-25,116.09
2014-07-28,115.45
2014-07-29,114.88
2014-07-30,113.77
2014-07-31,111.83
2014-08-01,112.69
2014-08-04,113.12
2014-08-05,112.52
2014-08-06,113.45
2014-08-07,112.67
2014-08-08,113.72
2014-08-11,114.62
2014-08-12,114.49
2014-08-13,114.78
2014-08-14,115.25
2014-08-15,115.38
2014-08-18,116.03
2014-08-19,116.35
2014-08-20,116.36
2014-08-21,116.46
2014-08-22,116.32
2014-08-25,116.96
2014-08-26,116.86
2014-08-27,116.97
2014-08-28,116.96
2014-08-29,117.14
2014-09-02,117.08
2014-09-03,117.22
2014-09-04,117.39
2014-09-05,118.02
2014-09-08,117.39
2014-09-09,117.04
2014-09-10,117.6
2014-09-11,117.77
2014-09-12,116.94
2014-09-15,117.36
2014-09-16,118.23
2014-09-17,118
2014-09-18,118.29
2014-09-19,118.44
2014-09-22,118.08
2014-09-23,117.2
2014-09-24,118.56
2014-09-25,117.18
2014-09-26,117.52
2014-09-29,117.49
2014-09-30,117.5
2014-10-01,116.74
2014-10-02,116.89
2014-10-03,118.19
2014-10-06,118.31
2014-10-07,117.67
2014-10-08,119.29
2014-10-09,118.1
2014-10-10,118.54
2014-10-13,116.94
2014-10-14,116.95
2014-10-15,115.72
2014-10-16,114.83
2014-10-17,116.2
2014-10-20,117.8
2014-10-21,118.36
2014-10-22,118.54
2014-10-23,118.52
2014-10-24,119.45
2014-10-27,119.68
2014-10-28,120.26
2014-10-29,120.18
2014-10-30,120.93
2014-10-31,121.82
2014-11-03,122.28
2014-11-04,122.83
2014-11-05,123.58
2014-11-06,123.9
2014-11-07,124.12
2014-11-10,124.72
2014-11-11,124.44
2014-11-12,124.53
2014-11-13,125.02
2014-11-14,124.33
2014-11-17,125.03
2014-11-18,125.59
2014-11-19,126.02
2014-11-20,125.53
2014-11-21,126.13
2014-11-24,125.96
2014-11-25,126.19
2014-11-26,126.71
2014-11-28,128.08
2014-12-01,127.39
2014-12-02,127.75
2014-12-03,127.1
2014-12-04,126.99
2014-12-05,127.24
2014-12-08,126.91
2014-12-09,126.63
2014-12-10,125.31
2014-12-11,126.41
2014-12-12,124.86
2014-12-15,123.95
2014-12-16,123.42
2014-12-17,125.3
2014-12-18,125.42
2014-12-19,125.28
2014-12-22,126.39
2014-12-23,127.39
2014-12-24,127.14
2014-12-26,127.38
2014-12-29,127.05
2014-12-30,126.51
2014-12-31,125.24
2015-01-02,124.48
2015-01-05,123.46
2015-01-06,123.36
2015-01-07,125.39
2015-01-08,127.32
2015-01-09,126.34
2015-01-12,125.83
2015-01-13,125.78
2015-01-14,125.44
2015-01-15,125.72
2015-01-16,126.66
2015-01-20,127.15
2015-01-21,127.61
2015-01-22,128.99
2015-01-23,127.66
2015-01-26,127.78
2015-01-27,126.3
2015-01-28,124.9
2015-01-29,125.77
2015-01-30,123.44
2015-02-02,125.03
2015-02-03,126.13
2015-02-04,126.25
2015-02-05,126.87
2015-02-06,126.37
2015-02-09,125.46
2015-02-10,126.83
2015-02-11,127.47
2015-02-12,127.89
2015-02-13,127.48
2015-02-17,127.49
2015-02-18,128.15
2015-02-19,127.42
2015-02-20,127.76
2015-02-23,128.13
2015-02-24,128.56
2015-02-25,128.17
2015-02-26,128.28
2015-02-27,128.72
2015-03-02,128.93
2015-03-03,128.46
2015-03-04,127.61
2015-03-05,128.04
2015-03-06,125.69
2015-03-09,126.26
2015-03-10,124.4
2015-03-11,123.63
2015-03-12,125.38
2015-03-13,124.48
2015-03-16,125.82
2015-03-17,125.1
2015-03-18,125.91
2015-03-19,125.46
2015-03-20,126.95
2015-03-23,127.38
2015-03-24,126.66
2015-03-25,126.41
2015-03-26,125.9
2015-03-27,126.76
2015-03-30,127.99
2015-03-31,126.99
2015-04-01,126.99
2015-04-02,127.86
2015-04-06,128.93
2015-04-07,128.28
2015-04-08,128.43
2015-04-09,128.86
2015-04-10,129
2015-04-13,128.45
2015-04-14,128.69
2015-04-15,128.44
2015-04-16,128.76
2015-04-17,127.55
2015-04-20,127.95
2015-04-21,128.11
2015-04-22,128.29
2015-04-23,127.86
2015-04-24,127.78
2015-04-27,127.13
2015-04-28,127.19
2015-04-29,126.12
2015-04-30,125.54
2015-05-01,126.66
2015-05-04,126.95
2015-05-05,125.92
2015-05-06,126.31
2015-05-07,126.57
2015-05-08,127.54
2015-05-11,127.08
2015-05-12,126.91
2015-05-13,126.85
2015-05-14,128.71
2015-05-15,129.15
2015-05-18,128.98
2015-05-19,128.65
2015-05-20,128.43
2015-05-21,128.56
2015-05-22,128.16
2015-05-26,127.17
2015-05-27,127.94
2015-05-28,127.75
2015-05-29,127.01
2015-06-01,127.01
2015-06-02,126.56
2015-06-03,126.57
2015-06-04,125.49
2015-06-05,124.01
2015-06-08,123.87
2015-06-09,124.37
2015-06-10,125.61
2015-06-11,125.61
2015-06-12,125.22
2015-06-15,124.26
2015-06-16,125.63
2015-06-17,126.24
2015-06-18,127.54
2015-06-19,127.61
2015-06-22,128.03
2015-06-23,127.68
2015-06-24,127.09
2015-06-25,126.83
2015-06-26,127.02
2015-06-29,124.99
2015-06-30,124.89
2015-07-01,126.34
2015-07-02,126.25
2015-07-06,126.07
2015-07-07,128.44
2015-07-08,127.01
2015-07-09,127.06
2015-07-10,128.49
2015-07-13,129.77
2015-07-14,129.88
2015-07-15,129.45
2015-07-16,130.83
2015-07-17,130.66
2015-07-20,130.89
2015-07-21,130.4
2015-07-22,130.76
2015-07-23,130.14
2015-07-24,129.4
2015-07-27,129.2
2015-07-28,130.69
2015-07-29,131.18
2015-07-30,130.9
2015-07-31,131
2015-08-03,131.36
2015-08-04,131.5
2015-08-05,132.63
2015-08-06,131.64
2015-08-07,130.85
2015-08-10,131.48
2015-08-11,130.95
2015-08-12,131.05
2015-08-13,130.62
2015-08-14,131.1
2015-08-17,131.26
2015-08-18,130.55
2015-08-19,129.26
2015-08-20,128.13
2015-08-21,124.78
2015-08-24,120.52
2015-08-25,119.36
2015-08-26,122.87
2015-08-27,124.71
2015-08-28,124.53
2015-08-31,123.7
2015-09-01,121.09
2015-09-02,122.79
2015-09-03,123.66
2015-09-04,121.86
2015-09-08,124.26
2015-09-09,122.17
2015-09-10,122.45
2015-09-11,123.15
2015-09-14,122.78
2015-09-15,124.25
2015-09-16,125.59
2015-09-17,125.67
2015-09-18,124.02
2015-09-21,125.07
2015-09-22,123.57
2015-09-23,121.38
2015-09-24,121.51
2015-09-25,122.32
2015-09-28,120.22
2015-09-29,120.1
2015-09-30,121.26
2015-10-01,121.24
2015-10-02,122.9
2015-10-05,125.11
2015-10-06,124.26
2015-10-07,125.22
2015-10-08,126.8
2015-10-09,127.27
2015-10-12,127.44
2015-10-13,126.58
2015-10-14,125.21
2015-10-15,126.39
2015-10-16,127.67
2015-10-19,128.1
2015-10-20,127.99
2015-10-21,127.9
2015-10-22,130.35
2015-10-23,130.28
2015-10-26,129.92
2015-10-27,130.02
2015-10-28,129.59
2015-10-29,129.54
2015-10-30,128.31
2015-11-02,129.04
2015-11-03,128.46
2015-11-04,127.78
2015-11-05,127.9
2015-11-06,126.49
2015-11-09,125.69
2015-11-10,126.03
2015-11-11,125.94
2015-11-12,124
2015-11-13,122.99
2015-11-16,124.88
2015-11-17,124.69
2015-11-18,126.45
2015-11-19,126.72
2015-11-20,125.96
2015-11-23,127.05
2015-11-24,127.42
2015-11-25,127.94
2015-11-27,128.37
2015-11-30,127.14
2015-12-01,127.89
2015-12-02,127.18
2015-12-03,126.5
2015-12-04,129.17
2015-12-07,129.55
2015-12-08,129.17
2015-12-09,128.03
2015-12-10,128.07
2015-12-11,126.62
2015-12-14,127.72
2015-12-15,128.51
2015-12-16,130.99
2015-12-17,129.42
2015-12-18,127.06
2015-12-21,128.53
2015-12-22,130.1
2015-12-23,130.35
2015-12-24,130.11
2015-12-28,129.88
2015-12-29,130.97
2015-12-30,130.51
2015-12-31,129.07
2016-01-04,127.4
2016-01-05,128.15
2016-01-06,127.61
2016-01-07,125.97
2016-01-08,124.99
2016-01-11,126.05
2016-01-12,126.74
2016-01-13,124.52
2016-01-14,124.92
2016-01-15,122.97
2016-01-19,124.16
2016-01-20,122.65
2016-01-21,123.19
2016-01-22,125.19
2016-01-25,124.1
2016-01-26,125.28
2016-01-27,125.11
2016-01-28,126.31
2016-01-29,129.07
2016-02-01,129.34
2016-02-02,127.72
2016-02-03,127.47
2016-02-04,126.5
2016-02-05,126.24
2016-02-08,125.88
2016-02-09,126.49
2016-02-10,126.43
2016-02-11,125.19
2016-02-12,127.07
2016-02-16,128.1
2016-02-17,129.49
2016-02-18,128.95
2016-02-19,129.22
2016-02-22,129.75
2016-02-23,129.7
2016-02-24,130.16
2016-02-25,131.72
2016-02-26,130.09
2016-02-29,129.59
2016-03-01,130.78
2016-03-02,131.19
2016-03-03,131.97
2016-03-04,132.59
2016-03-07,131.88
2016-03-08,132.27
2016-03-09,133.22
2016-03-10,133.1
2016-03-11,133.73
2016-03-14,133.65
2016-03-15,133.79
2016-03-16,134.15
2016-03-17,135.2
2016-03-18,135
2016-03-21,134.44
2016-03-22,133.5
2016-03-23,133.42
2016-03-24,133.36
2016-03-28,133.87
2016-03-29,135.11
2016-03-30,135.7
2016-03-31,135.32
2016-04-01,136.96
2016-04-04,136.58
2016-04-05,135.68
2016-04-06,136.71
2016-04-07,135.45
2016-04-08,136.1
2016-04-11,135.15
2016-04-12,135.96
2016-04-13,135.13
2016-04-14,134.47
2016-04-15,135.36
2016-04-18,135.8
2016-04-19,136.01
2016-04-20,134.37
2016-04-21,132.06
2016-04-22,132.73
2016-04-25,133.52
2016-04-26,133.29
2016-04-27,133.85
2016-04-28,133.99
2016-04-29,133.87
2016-05-02,135.25
2016-05-03,134.93
2016-05-04,135.26
2016-05-05,135.36
2016-05-06,135.99
2016-05-09,136.81
2016-05-10,138.14
2016-05-11,137.09
2016-05-12,137.85
2016-05-13,136.12
2016-05-16,136.83
2016-05-17,134.21
2016-05-18,132.92
2016-05-19,133.92
2016-05-20,133.43
2016-05-23,133.48
2016-05-24,134.71
2016-05-25,134.88
2016-05-26,135.39
2016-05-27,135.54
2016-05-31,135
2016-06-01,136.1
2016-06-02,136.38
2016-06-03,137.11
2016-06-06,137.22
2016-06-07,137.24
2016-06-08,137.9
2016-06-09,138.52
2016-06-10,138.53
2016-06-13,137.38
2016-06-14,137.67
2016-06-15,137.38
2016-06-16,138.32
2016-06-17,137.74
2016-06-20,138.11
2016-06-21,137.83
2016-06-22,137.82
2016-06-23,138.78
2016-06-24,135.97
2016-06-27,135.49
2016-06-28,136.42
2016-06-29,137.98
2016-06-30,141.21
2016-07-01,140.77
2016-07-05,141.32
2016-07-06,141.46
2016-07-07,141.42
2016-07-08,142.93
2016-07-11,142.89
2016-07-12,142.28
2016-07-13,142.9
2016-07-14,143
2016-07-15,143.05
2016-07-18,142.84
2016-07-19,142.63
2016-07-20,142.26
2016-07-21,141.81
2016-07-22,142.47
2016-07-25,142.35
2016-07-26,141.4
2016-07-27,139.45
2016-07-28,140.08
2016-07-29,140.71
2016-08-01,140.93
2016-08-02,140.52
2016-08-03,139.82
2016-08-04,140.18
2016-08-05,140.62
2016-08-08,140.42
2016-08-09,140.78
2016-08-10,141.3
2016-08-11,141.23
2016-08-12,141.6
2016-08-15,141.43
2016-08-16,140.64
2016-08-17,141
2016-08-18,141.47
2016-08-19,141.13
2016-08-22,141.26
2016-08-23,141.02
2016-08-24,140.78
2016-08-25,140.29
2016-08-26,139.69
2016-08-29,140.44
2016-08-30,139.73
2016-08-31,139.98
2016-09-01,139.89
2016-09-02,140.98
2016-09-06,141.28
2016-09-07,140.06
2016-09-08,139.42
2016-09-09,135.58
2016-09-12,137.99
2016-09-13,136.28
2016-09-14,135.79
2016-09-15,136.94
2016-09-16,136.4
2016-09-19,136.31
2016-09-20,135.7
2016-09-21,136.53
2016-09-22,137.76
2016-09-23,137.08
2016-09-26,135.94
2016-09-27,136.51
2016-09-28,136.69
2016-09-29,135.56
2016-09-30,136.88
2016-10-03,136.13
2016-10-04,134.97
2016-10-05,134.89
2016-10-06,135.1
2016-10-07,134.82
2016-10-10,134.89
2016-10-11,134.09
2016-10-12,134.78
2016-10-13,134.7
2016-10-14,134.85
2016-10-17,134.28
2016-10-18,134.76
2016-10-19,134.03
2016-10-20,133.8
2016-10-21,134.48
2016-10-24,135.39
2016-10-25,135.8
2016-10-26,135.63
2016-10-27,134.91
2016-10-28,135.58
2016-10-31,135.81
2016-11-01,135.23
2016-11-02,134.98
2016-11-03,133.98
2016-11-04,132.66
2016-11-07,134.99
2016-11-08,135.66
2016-11-09,133.98
2016-11-10,130.5
2016-11-11,130.35
2016-11-14,130.24
2016-11-15,131.2
2016-11-16,131.3
2016-11-17,131.09
2016-11-18,130.68
2016-11-21,131.6
2016-11-22,132.18
2016-11-23,131.4
2016-11-25,132.43
2016-11-28,132.63
2016-11-29,132.74
2016-11-30,130.71
2016-12-01,129.74
2016-12-02,130.62
2016-12-05,130.93
2016-12-06,131.37
2016-12-07,133.22
2016-12-08,132.87
2016-12-09,134.68
2016-12-12,135.16
2016-12-13,135.66
2016-12-14,133.35
2016-12-15,134.02
2016-12-16,134.71
2016-12-19,134.97
2016-12-20,134.79
2016-12-21,134.79
2016-12-22,134.57
2016-12-23,134.81
2016-12-27,134.82
2016-12-28,134.08
2016-12-29,134.56
2016-12-30,133.99
2017-01-03,134.43
2017-01-04,134.64
2017-01-05,134.88
2017-01-06,134.83
2017-01-09,133.93
2017-01-10,133.2
2017-01-11,133.48
2017-01-12,133.44
2017-01-13,133.42
2017-01-17,135.07
2017-01-18,135.56
2017-01-19,135
2017-01-20,135.78
2017-01-23,135.58
2017-01-24,136.55
2017-01-25,136.67
2017-01-26,136.1
2017-01-27,135.24
2017-01-30,135.15
2017-01-31,135.75
2017-02-01,134.89
2017-02-02,135.91
2017-02-03,136.63
2017-02-06,135.98
2017-02-07,137.1
2017-02-08,137.6
2017-02-09,138.29
2017-02-10,138.26
2017-02-13,138.3
2017-02-14,138.39
2017-02-15,139.59
2017-02-16,139.52
2017-02-17,140.39
2017-02-21,141.69
2017-02-22,141.59
2017-02-23,141.75
2017-02-24,142.28
2017-02-27,141.61
2017-02-28,141.8
2017-03-01,142.46
2017-03-02,142.38
2017-03-03,141.81
2017-03-06,141.25
2017-03-07,140.95
2017-03-08,140.64
2017-03-09,140.89
2017-03-10,141.56
2017-03-13,141.58
2017-03-14,141.36
2017-03-15,142.45
2017-03-16,142.53
2017-03-17,142.49
2017-03-20,142.55
2017-03-21,142.28
2017-03-22,142.19
2017-03-23,141.88
2017-03-24,140.82
2017-03-27,140.64
2017-03-28,141.11
2017-03-29,141.35
2017-03-30,140.96
2017-03-31,140.64
2017-04-03,140.44
2017-04-04,140.65
2017-04-05,140.46
2017-04-06,140.52
2017-04-07,140.8
2017-04-10,141.24
2017-04-11,141.34
2017-04-12,141.85
2017-04-13,141.19
2017-04-17,142.1
2017-04-18,142.78
2017-04-19,142.23
2017-04-20,141.96
2017-04-21,141.59
2017-04-24,142.88
2017-04-25,143.46
2017-04-26,142.43
2017-04-27,142.21
2017-04-28,142.16
2017-05-01,141.44
2017-05-02,140.54
2017-05-03,140.55
2017-05-04,141.54
2017-05-05,141.94
2017-05-08,141.85
2017-05-09,141.28
2017-05-10,141.56
2017-05-11,141.62
2017-05-12,141.28
2017-05-15,141.85
2017-05-16,141.57
2017-05-17,141.25
2017-05-18,141.23
2017-05-19,142.01
2017-05-22,142.9
2017-05-23,143.16
2017-05-24,143.8
2017-05-25,144.7
2017-05-26,145.1
2017-05-30,144.98
2017-05-31,145.29
2017-06-01,146.54
2017-06-02,146.98
2017-06-05,147.12
2017-06-06,146.59
2017-06-07,146.57
2017-06-08,145.59
2017-06-09,145.53
2017-06-12,145.4
2017-06-13,145.65
2017-06-14,146.56
2017-06-15,146.13
2017-06-16,144.59
2017-06-19,145.25
2017-06-20,144.66
2017-06-21,144.16
2017-06-22,143.33
2017-06-23,143.36
2017-06-26,144.05
2017-06-27,142.74
2017-06-28,142.26
2017-06-29,140.61
2017-06-30,141.02
2017-07-03,140.91
2017-07-05,140.6
2017-07-06,139.81
2017-07-07,139.85
2017-07-10,138.87
2017-07-11,138.4
2017-07-12,139.2
2017-07-13,139.32
2017-07-14,140.29
2017-07-17,140.47
2017-07-18,140.51
2017-07-19,141.07
2017-07-20,141.16
2017-07-21,141.47
2017-07-24,141.11
2017-07-25,142.22
2017-07-26,142.01
2017-07-27,143.14
2017-07-28,142
2017-07-31,141.9
2017-08-01,141.7
2017-08-02,141.59
2017-08-03,141.34
2017-08-04,140.94
2017-08-07,141.96
2017-08-08,141.42
2017-08-09,141.57
2017-08-10,140.97
2017-08-11,141.12
2017-08-14,141.83
2017-08-15,142.47
2017-08-16,142.89
2017-08-17,141.6
2017-08-18,141.12
2017-08-21,141.68
2017-08-22,141.93
2017-08-23,141.41
2017-08-24,139.56
2017-08-25,139.88
2017-08-28,139.48
2017-08-29,139.92
2017-08-30,140.07
2017-08-31,140.16
2017-09-01,140.7
2017-09-05,140.89
2017-09-06,141.35
2017-09-07,141.69
2017-09-08,140.83
2017-09-11,141.72
2017-09-12,141.95
2017-09-13,142.04
2017-09-14,141.74
2017-09-15,142.11
2017-09-18,142.27
2017-09-19,141.88
2017-09-20,140.68
2017-09-21,139.29
2017-09-22,138.96
2017-09-25,139.93
2017-09-26,140.24
2017-09-27,138.59
2017-09-28,138.65
2017-09-29,138.56
2017-10-02,138.42
2017-10-03,138.45
2017-10-04,139
2017-10-05,139.51
2017-10-06,138.3
2017-10-09,137.71
2017-10-10,139.03
2017-10-11,139.2
2017-10-12,139.83
2017-10-13,140.12
2017-10-16,140.21
2017-10-17,139.59
2017-10-18,139.43
2017-10-19,138.71
2017-10-20,138.52
2017-10-23,138.33
2017-10-24,137.87
2017-10-25,137.5
2017-10-26,137.62
2017-10-27,136.65
2017-10-30,135.32
2017-10-31,136.52
2017-11-01,136.9
2017-11-02,136.5
2017-11-03,136.39
2017-11-06,135.04
2017-11-07,136.19
2017-11-08,137.66
2017-11-09,137.61
2017-11-10,138.98
2017-11-13,139.63
2017-11-14,140.15
2017-11-15,138.72
2017-11-16,140.79
2017-11-17,140.46
2017-11-20,140.46
2017-11-21,140.79
2017-11-22,140.68
2017-11-24,140.6
2017-11-27,140.71
2017-11-28,141.95
2017-11-29,142.83
2017-11-30,144.13
2017-12-01,144.35
2017-12-04,145.8
2017-12-05,145.43
2017-12-06,146.21
2017-12-07,144.95
2017-12-08,145.35
2017-12-11,145.23
2017-12-12,145.07
2017-12-13,145.78
2017-12-14,144.26
2017-12-15,145.7
2017-12-18,145.9
2017-12-19,145.98
2017-12-20,145.81
2017-12-21,145.78
2017-12-22,146.06
2017-12-26,146.31
2017-12-27,146.19
2017-12-28,146.12
2017-12-29,146.04
2018-01-02,145.32
2018-01-03,145.17
2018-01-04,145.64
2018-01-05,146.13
2018-01-08,146.57
2018-01-09,146.36
2018-01-10,145.45
2018-01-11,145.5
2018-01-12,145.48
2018-01-16,146.17
2018-01-17,147.86
2018-01-18,147.33
2018-01-19,149.08
2018-01-22,150.21
2018-01-23,149.8
2018-01-24,150
2018-01-25,150.09
2018-01-26,150.85
2018-01-29,150.12
2018-01-30,149.16
2018-01-31,148.54
2018-02-01,147.89
2018-02-02,144.97
2018-02-05,139.89
2018-02-06,141.3
2018-02-07,140.74
2018-02-08,137.79
2018-02-09,138.09
2018-02-12,139.43
2018-02-13,139.98
2018-02-14,140.09
2018-02-15,142.22
2018-02-16,143
2018-02-20,139.89
2018-02-21,138.16
2018-02-22,138.46
2018-02-23,139.83
2018-02-26,140.7
2018-02-27,138.87
2018-02-28,137.49
2018-03-01,137.16
2018-03-02,138.37
2018-03-05,139.74
2018-03-06,139.85
2018-03-07,138.7
2018-03-08,139.81
2018-03-09,140.72
2018-03-12,140.57
2018-03-13,140.4
2018-03-14,139
2018-03-15,137.95
2018-03-16,137.62
2018-03-19,136.3
2018-03-20,135.88
2018-03-21,134.39
2018-03-22,133.15
2018-03-23,131.56
2018-03-26,133.37
2018-03-27,133.32
2018-03-28,135.06
2018-03-29,136.12
2018-04-02,132.77
2018-04-03,134.6
2018-04-04,136.68
2018-04-05,137.1
2018-04-06,135.74
2018-04-09,135.59
2018-04-10,136.08
2018-04-11,135.8
2018-04-12,135.58
2018-04-13,136.12
2018-04-16,137.67
2018-04-17,138.04
2018-04-18,137.08
2018-04-19,133.34
2018-04-20,131.24
2018-04-23,131.02
2018-04-24,130.35
2018-04-25,130.62
2018-04-26,131.27
2018-04-27,131.93
2018-04-30,131.07
2018-05-01,129.98
2018-05-02,127.64
2018-05-03,127.33
2018-05-04,129.31
2018-05-07,128.61
2018-05-08,128.05
2018-05-09,128.28
2018-05-10,129.12
2018-05-11,129.12
2018-05-14,129
2018-05-15,128.62
2018-05-16,129.65
2018-05-17,129.97
2018-05-18,129.21
2018-05-21,129.79
2018-05-22,129.44
2018-05-23,129.99
2018-05-24,129.92
2018-05-25,130.1
2018-05-29,129.82
2018-05-30,131.62
2018-05-31,129.61
2018-06-01,129.64
2018-06-04,130.68
2018-06-05,130.23
2018-06-06,130.29
2018-06-07,130.97
2018-06-08,132.63
2018-06-11,133.63
2018-06-12,133.92
2018-06-13,133.44
2018-06-14,133.79
2018-06-15,135.46
2018-06-18,133.73
2018-06-19,134.43
2018-06-20,134.6
2018-06-21,134.83
2018-06-22,135.86
2018-06-25,136.44
2018-06-26,136.06
2018-06-27,135.43
2018-06-28,134.39
2018-06-29,134.27
2018-07-02,133.62
2018-07-03,133.86
2018-07-05,135.83
2018-07-06,136.23
2018-07-09,135.6
2018-07-10,137.06
2018-07-11,136.56
2018-07-12,136.51
2018-07-13,137.14
2018-07-16,136.43
2018-07-17,137.56
2018-07-18,136.62
2018-07-19,136.62
2018-07-20,137.38
2018-07-23,136.58
2018-07-24,136.64
2018-07-25,137.63
2018-07-26,138.53
2018-07-27,138.5
2018-07-30,138.25
2018-07-31,138.9
2018-08-01,137.53
2018-08-02,139.26
2018-08-03,141.08
2018-08-06,141.07
2018-08-07,140.35
2018-08-08,139.4
2018-08-09,138.94
2018-08-10,138.41
2018-08-13,138.35
2018-08-14,139.29
2018-08-15,139.79
2018-08-16,141.74
2018-08-17,142.8
2018-08-20,142.83
2018-08-21,141.84
2018-08-22,141.05
2018-08-23,140.76
2018-08-24,140.66
2018-08-27,140.67
2018-08-28,140.25
2018-08-29,140.31
2018-08-30,139.92
2018-08-31,140.05
2018-09-04,139.74
2018-09-05,141.23
2018-09-06,141.71
2018-09-07,141.32
2018-09-10,141.82
2018-09-11,141.48
2018-09-12,143.07
2018-09-13,142.74
2018-09-14,142.39
2018-09-17,142.85
2018-09-18,142.22
2018-09-19,141.83
2018-09-20,143.39
2018-09-21,143.65
2018-09-24,140.96
2018-09-25,140.03
2018-09-26,140.18
2018-09-27,139.86
2018-09-28,140.12
2018-10-01,139.88
2018-10-02,140.68
2018-10-03,139.31
2018-10-04,138.9
2018-10-05,138.69
2018-10-08,140.5
2018-10-09,140.15
2018-10-10,138.28
2018-10-11,135.02
2018-10-12,135.88
2018-10-15,136.66
2018-10-16,138.31
2018-10-17,138.98
2018-10-18,138.61
2018-10-19,141.62
2018-10-22,140.69
2018-10-23,141.04
2018-10-24,141.6
2018-10-25,141.78
2018-10-26,139.48
2018-10-29,140.96
2018-10-30,143.79
2018-10-31,142.5
2018-11-01,143.19
2018-11-02,142.83
2018-11-05,144.49
2018-11-06,145.29
2018-11-07,146
2018-11-08,146.05
2018-11-09,146.82
2018-11-12,146.05
2018-11-13,145.38
2018-11-14,144.64
2018-11-15,144.29
2018-11-16,144.71
2018-11-19,144.34
2018-11-20,142.01
2018-11-21,140.95
2018-11-23,141.44
2018-11-26,141.52
2018-11-27,142.65
2018-11-28,143.96
2018-11-29,144.12
2018-11-30,145.27
2018-12-03,145.26
2018-12-04,142.65
2018-12-06,142.75
2018-12-07,140.91
2018-12-10,140.91
2018-12-11,142.1
2018-12-12,142
2018-12-13,141.73
2018-12-14,139.34
2018-12-17,135.97
2018-12-18,134.58
2018-12-19,133.25
2018-12-20,130.99
2018-12-21,129.47
2018-12-24,125.78
2018-12-26,129.35
2018-12-27,130.63
2018-12-28,130.58
2018-12-31,131.17
2019-01-02,130.68
2019-01-03,129.74
2019-01-04,132.53
2019-01-07,132.41
2019-01-08,133.67
2019-01-09,132.53
2019-01-10,133.31
2019-01-11,133.76
2019-01-14,133.11
2019-01-15,134.35
2019-01-16,133.81
2019-01-17,134.54
2019-01-18,136.1
2019-01-22,134.8
2019-01-23,136.22
2019-01-24,134.51
2019-01-25,134.21
2019-01-28,134.68
2019-01-29,135.04
2019-01-30,135.8
2019-01-31,138.3
2019-02-01,137.83
2019-02-04,138.7
2019-02-05,138.71
2019-02-06,138.81
2019-02-07,138.54
2019-02-08,139.28
2019-02-11,139.68
2019-02-12,140.76
2019-02-13,141.21
2019-02-14,139.63
2019-02-15,140.88
2019-02-19,141.57
2019-02-20,141.48
2019-02-21,141.86
2019-02-22,141.39
2019-02-25,140.61
2019-02-26,140.66
2019-02-27,140.52
2019-02-28,141.11
2019-03-01,140.96
2019-03-04,140.68
2019-03-05,140.68
2019-03-06,140.34
2019-03-07,139.56
2019-03-08,139.58
2019-03-11,141.47
2019-03-12,141.37
2019-03-13,142.25
2019-03-14,142.02
2019-03-15,142.74
2019-03-18,143.16
2019-03-19,142.89
2019-03-20,142.15
2019-03-21,143.13
2019-03-22,142.73
2019-03-25,143.08
2019-03-26,144.27
2019-03-27,143.69
2019-03-28,144.26
2019-03-29,145.21
2019-04-01,144.87
2019-04-02,143.61
2019-04-03,142.82
2019-04-04,143.44
2019-04-05,143.87
2019-04-08,144.4
2019-04-09,144.19
2019-04-10,144.71
2019-04-11,144.85
2019-04-12,145.25
2019-04-15,146.21
2019-04-16,146.16
2019-04-17,146.8
2019-04-18,146.74
2019-04-22,146.58
2019-04-23,146.64
2019-04-24,146.86
2019-04-25,145.74
2019-04-26,147.05
2019-04-29,147.33
2019-04-30,148.89
2019-05-01,147.3
2019-05-02,147.17
2019-05-03,148.16
2019-05-06,147.91
2019-05-07,146.52
2019-05-08,146.32
2019-05-09,146.02
2019-05-10,147.74
2019-05-13,146.36
2019-05-14,147
2019-05-15,148.04
2019-05-16,149.22
2019-05-17,148.79
2019-05-20,148.42
2019-05-21,148.07
2019-05-22,148.66
2019-05-23,148.53
2019-05-24,147.96
2019-05-28,145.35
2019-05-29,144.26
2019-05-30,144.72
2019-05-31,142.66
2019-06-03,144.5
2019-06-04,145.78
2019-06-05,147.27
2019-06-06,148.6
2019-06-07,149.93
2019-06-10,149.98
2019-06-11,150.73
2019-06-12,150.78
2019-06-13,151.18
2019-06-14,151.24
2019-06-17,150.82
2019-06-18,150.06
2019-06-19,150.47
2019-06-20,151.74
2019-06-21,150.14
2019-06-24,150.37
2019-06-25,150.36
2019-06-26,148.35
2019-06-27,148.62
2019-06-28,148.76
2019-07-01,149.5
2019-07-02,150.57
2019-07-03,152.51
2019-07-05,152
2019-07-08,152.16
2019-07-09,151.36
2019-07-10,152.32
2019-07-11,152.43
2019-07-12,152.97
2019-07-15,153.2
2019-07-16,153.29
2019-07-17,153.03
2019-07-18,154.24
2019-07-19,153.37
2019-07-22,152.44
2019-07-23,153.44
2019-07-24,152.62
2019-07-25,152.5
2019-07-26,154.33
2019-07-29,154.63
2019-07-30,155.08
2019-07-31,152.27
2019-08-01,151.55
2019-08-02,151.56
2019-08-05,147.6
2019-08-06,148.95
2019-08-07,150.57
2019-08-08,152.54
2019-08-09,151.58
2019-08-12,150.65
2019-08-13,152.29
2019-08-14,149.72
2019-08-15,151.89
2019-08-16,153.68
2019-08-19,155.17
2019-08-20,153.41
2019-08-21,154.02
2019-08-22,154.81
2019-08-23,152.27
2019-08-26,153.88
2019-08-27,153.28
2019-08-28,154.53
2019-08-29,154.87
2019-08-30,154.7
2019-09-03,155.42
2019-09-04,156.94
2019-09-05,156.16
2019-09-06,156.77
2019-09-09,156.59
2019-09-10,155.75
2019-09-11,156.58
2019-09-12,157.18
2019-09-13,156.41
2019-09-16,155.08
2019-09-17,155.65
2019-09-18,155.73
2019-09-19,155.53
2019-09-20,155.15
2019-09-23,155.82
2019-09-24,156.16
2019-09-25,156.49
2019-09-26,156.11
2019-09-27,155.8
2019-09-30,156.56
2019-10-01,155.96
2019-10-02,153.01
2019-10-03,153.88
2019-10-04,156.09
2019-10-07,154.98
2019-10-08,153.36
2019-10-09,154.53
2019-10-10,154.74
2019-10-11,154.76
2019-10-14,154.08
2019-10-15,153.52
2019-10-16,153.5
2019-10-17,154.34
2019-10-18,154.53
2019-10-21,155.02
2019-10-22,155.13
2019-10-23,155.83
2019-10-24,156.19
2019-10-25,155.35
2019-10-28,155.31
2019-10-29,155.29
2019-10-30,156.08
2019-10-31,155.84
2019-11-01,155.95
2019-11-04,154.57
2019-11-05,154.96
2019-11-06,155.76
2019-11-07,155.27
2019-11-08,155.14
2019-11-11,154.9
2019-11-12,155.18
2019-11-13,156.52
2019-11-14,156.32
2019-11-15,156.56
2019-11-18,157.19
2019-11-19,157.15
2019-11-20,157.25
2019-11-21,156.47
2019-11-22,156.26
2019-11-25,156.66
2019-11-26,157.9
2019-11-27,158.15
2019-11-29,158.11
2019-12-02,158.36
2019-12-03,158.19
2019-12-04,159.22
2019-12-05,159.14
2019-12-06,159.78
2019-12-09,159.93
2019-12-10,159.42
2019-12-11,159.44
2019-12-12,159.46
2019-12-13,160
2019-12-16,159.5
2019-12-17,159.37
2019-12-18,159.04
2019-12-19,160.13
2019-12-20,161.44
2019-12-23,160.86
2019-12-24,161.04
2019-12-26,161.25
2019-12-27,161.92
2019-12-30,161.14
2019-12-31,161.2
2020-01-02,159.87
2020-01-03,159.59
2020-01-06,159.83
2020-01-07,158.61
2020-01-08,159.24
2020-01-09,160.16
2020-01-10,160.01
2020-01-13,161.05
2020-01-14,161.12
2020-01-15,162.21
2020-01-16,162.8
2020-01-17,163.11
2020-01-21,163.45
2020-01-22,163.42
2020-01-23,163.33
2020-01-24,162.15
2020-01-27,161.4
2020-01-28,161.65
2020-01-29,160.64
2020-01-30,162.28
2020-01-31,160.36
2020-02-03,160.53
2020-02-04,161.48
2020-02-05,162.89
2020-02-06,163.21
2020-02-07,163.4
2020-02-10,163.99
2020-02-11,163.53
2020-02-12,163.63
2020-02-13,164.38
2020-02-14,164.89
2020-02-18,164.13
2020-02-19,164.05
2020-02-20,164.2
2020-02-21,164.53
2020-02-24,160.5
2020-02-25,157.62
2020-02-26,156.52
2020-02-27,150.23
2020-02-28,147.34
2020-03-02,154.96
2020-03-03,152.92
2020-03-04,160.02
2020-03-05,157.17
2020-03-06,155.79
2020-03-09,148.82
2020-03-10,152.37
2020-03-11,144.69
2020-03-12,131.17
2020-03-13,141.81
2020-03-16,132.64
2020-03-17,144.63
2020-03-18,138.91
2020-03-19,135.07
2020-03-20,126.57
2020-03-23,122.65
2020-03-24,129.27
2020-03-25,129.02
2020-03-26,136.32
2020-03-27,135.18
2020-03-30,140.3
2020-03-31,137.82
2020-04-01,134.79
2020-04-02,138.56
2020-04-03,139.42
2020-04-06,144.8
2020-04-07,143.28
2020-04-08,145.62
2020-04-09,147.07
2020-04-13,145.77
2020-04-14,151.79
2020-04-15,149.22
2020-04-16,150.29
2020-04-17,152.52
2020-04-20,149.6
2020-04-21,146.57
2020-04-22,148
2020-04-23,147.07
2020-04-24,148.5
2020-04-27,149.45
2020-04-28,150.22
2020-04-29,149.91
2020-04-30,147.97
2020-05-01,146.19
2020-05-04,146.13
2020-05-05,146.35
2020-05-06,144.78
2020-05-07,144.46
2020-05-08,147.95
